description_id,product_id,contents
1,EF1R8018KI13SOL,"""<p>Jacquard knit dress with body motif</p>\r\n    <ul>\r\n        <li>High neck</li>\r\n        <li>Structured shoulders</li>\r\n        <li>Long sleeves</li>\r\n        <li>\r\n            Visible gold metal zip fastening on the back with Balmain\r\n            Paris-engraved slider\r\n        </li>\r\n        <li>Ribbed trim</li>\r\n        <li>Knit with shiny threads</li>\r\n        <li>Short slim fit</li>\r\n        <li>Model measures 179cm and wears a size 36</li>\r\n        <li>\r\n            Main material: 60% viscose 16% polyamide 13% polyester 10% cotton 1%\r\n            elastane\r\n        </li>\r\n        <li>Made in France</li>\r\n        <li>Item: EF1R8018KI13</li>\r\n    </ul>"""
2,EF1SK716XC670FA,"""<p>Textured tweed jacket</p>\r\n    <ul>\r\n        <li>Round neckline</li>\r\n        <li>Structured shoulders</li>\r\n        <li>Long sleeves</li>\r\n        <li>Straight cuffs with 5 buttons</li>\r\n        <li>2 fake pockets with decorative buttons</li>\r\n        <li>Front fastening with 4 press studs</li>\r\n        <li>\""Double Chain Lion\"" press studs in gold metal</li>\r\n        <li>2 slash inside pockets</li>\r\n        <li>Twill lining</li>\r\n        <li>Fitted cut</li>\r\n        <li>Model measures 179cm and wears a size 36</li>\r\n        <li>Main material: 100% polyamide</li>\r\n        <li>Made in Poland</li>\r\n        <li>Item: EF1SK716XC67</li>\r\n    </ul>"""
3,EF1UE100VH64EAB,"""<p >\r\n        Reversible coat with \""Love Letter\"" print\r\n    </p>\r\n    <ul >\r\n        <li >Classic collar</li>\r\n        <li >Long sleeves</li>\r\n        <li >Straight cuffs with 5 buttons</li>\r\n        <li >\r\n            2 slash side pockets with buttons on both sides\r\n        </li>\r\n        <li >Front fastening with 5 buttons</li>\r\n        <li >\r\n            \""Double Chain Lion\"" buttons in gold metal\r\n        </li>\r\n        <li >Storm flap on one side</li>\r\n        <li >Back vent</li>\r\n        <li >Long cut</li>\r\n        <li >\r\n            Model measures 179cm and wears a size 36\r\n        </li>\r\n        <li >Main material: 100% viscose</li>\r\n        <li >Made in Italy</li>\r\n        <li >Item: EF1UE100VH64</li>\r\n    </ul>"""
4,BF1EF005BB02OLA,"""<p>T-shirt with Balmain Paris print</p>\r\n    <ul>\r\n        <li>Relaxed fit</li>\r\n        <li>Round neck with ribbed trim</li>\r\n        <li>3 decorative embossed gold metal buttons on the shoulder</li>\r\n        <li>Short sleeves</li>\r\n        <li>Contrasting Balmain Paris logo printed on the front</li>\r\n        <li>Model measures 179cm and wears a size S</li>\r\n        <li>Main material: 100% cotton</li>\r\n        <li>Made in Portugal</li>\r\n        <li>Item: BF1EF005BB02</li>\r\n    </ul>\r\n    <p>\r\n        100% of the cotton fibres used to make this garment are certified and\r\n        organically farmed\r\n    </p>"""
5,BF1EF005BB02GAB,"""<p>T-shirt with Balmain Paris print</p>\r\n    <ul>\r\n        <li>Relaxed fit</li>\r\n        <li>Round neck with ribbed trim</li>\r\n        <li>3 decorative embossed gold metal buttons on the shoulder</li>\r\n        <li>Short sleeves</li>\r\n        <li>Contrasting Balmain Paris logo printed on the front</li>\r\n        <li>Model measures 179cm and wears a size S</li>\r\n        <li>Main material: 100% cotton</li>\r\n        <li>Made in Portugal</li>\r\n        <li>Item: BF1EF005BB02</li>\r\n    </ul>\r\n    <p>\r\n        100% of the cotton fibres used to make this garment are certified and\r\n        organically farmed\r\n    </p>"""
6,BF1EF005BB02EAB,"""<p>T-shirt with Balmain Paris print</p>\r\n    <ul>\r\n        <li>Relaxed fit</li>\r\n        <li>Round neck with ribbed trim</li>\r\n        <li>3 decorative embossed gold metal buttons on the shoulder</li>\r\n        <li>Short sleeves</li>\r\n        <li>Contrasting Balmain Paris logo printed on the front</li>\r\n        <li>Model measures 179cm and wears a size S</li>\r\n        <li>Main material: 100% cotton</li>\r\n        <li>Made in Portugal</li>\r\n        <li>Item: BF1EF005BB02</li>\r\n    </ul>\r\n    <p>\r\n        100% of the cotton fibres used to make this garment are certified and\r\n        organically farmed\r\n    </p>"""
7,BF1EF005BB02OIR,"""<p>T-shirt with Balmain Paris print</p>\r\n    <ul>\r\n        <li>Relaxed fit</li>\r\n        <li>Round neck with ribbed trim</li>\r\n        <li>3 decorative embossed gold metal buttons on the shoulder</li>\r\n        <li>Short sleeves</li>\r\n        <li>Contrasting Balmain Paris logo printed on the front</li>\r\n        <li>Model measures 179cm and wears a size S</li>\r\n        <li>Main material: 100% cotton</li>\r\n        <li>Made in Portugal</li>\r\n        <li>Item: BF1EF005BB02</li>\r\n    </ul>\r\n    <p>\r\n        100% of the cotton fibres used to make this garment are certified and\r\n        organically farmed\r\n    </p>"""
8,BF1EF005BB02MCZ,"""<p>T-shirt with Balmain Paris print</p>\r\n    <ul>\r\n        <li>Relaxed fit</li>\r\n        <li>Round neck with ribbed trim</li>\r\n        <li>3 decorative embossed gold metal buttons on the shoulder</li>\r\n        <li>Short sleeves</li>\r\n        <li>Contrasting Balmain Paris logo printed on the front</li>\r\n        <li>Model measures 179cm and wears a size S</li>\r\n        <li>Main material: 100% cotton</li>\r\n        <li>Made in Portugal</li>\r\n        <li>Item: BF1EF005BB02</li>\r\n    </ul>\r\n    <p>\r\n        100% of the cotton fibres used to make this garment are certified and\r\n        organically farmed\r\n    </p>"""
9,EF1KA115KH87EAB,"""<p >Balmain Couture two-tone knit top</p>\r\n    <ul >\r\n        <li >Round neckline</li>\r\n        <li >Short sleeves</li>\r\n        <li >\r\n            Contrasting jacquard Balmain Couture logo on the front\r\n        </li>\r\n        <li >Ribbed neckline and hem</li>\r\n        <li >Classic fit</li>\r\n        <li >\r\n            Model measures 178cm and wears a size 36\r\n        </li>\r\n        <li >Main material: 100% virgin wool</li>\r\n        <li >Made in Italy</li>\r\n        <li >Item: EF1KA115KH87</li>\r\n    </ul>"""
10,EF1KA115KH87MIG,"""<p >Balmain Couture two-tone knit top</p>\r\n    <ul >\r\n        <li >Round neckline</li>\r\n        <li >Short sleeves</li>\r\n        <li >\r\n            Contrasting jacquard Balmain Couture logo on the front\r\n        </li>\r\n        <li >Ribbed neckline and hem</li>\r\n        <li >Classic fit</li>\r\n        <li >\r\n            Model measures 178cm and wears a size 36\r\n        </li>\r\n        <li >Main material: 100% virgin wool</li>\r\n        <li >Made in Italy</li>\r\n        <li >Item: EF1KA115KH87</li>\r\n    </ul>"""
11,EF1HT020VH61GAB,"""<p>Pussy-bow shirt with \""Love Letter\"" print</p>\r\n    <ul>\r\n        <li>Pussy bow collar</li>\r\n        <li>Shoulder pleats</li>\r\n        <li>Long sleeves</li>\r\n        <li>Straight press-stud cuffs</li>\r\n        <li>Front fastening with press studs</li>\r\n        <li>Rounded hem</li>\r\n        <li>Long, relaxed fit</li>\r\n        <li>Model measures 179cm and wears a size 36</li>\r\n        <li>Main material: 100% viscose</li>\r\n        <li>Made in Italy</li>\r\n        <li>Item: EF1HT020VH61</li>\r\n    </ul>"""
12,EF1JQ002BB02SOY,"""<p >Printed Balmain Paris sweatshirt</p>\r\n    <ul >\r\n        <li >Round neckline</li>\r\n        <li >\r\n            3 decorative embossed gold metal buttons on the shoulder\r\n        </li>\r\n        <li >Long sleeves</li>\r\n        <li >\r\n            Contrasting Balmain Paris logo printed on the front\r\n        </li>\r\n        <li >Ribbed trim</li>\r\n        <li >Regular cropped cut</li>\r\n        <li >\r\n            Model measures 179cm and wears a size S\r\n        </li>\r\n        <li >Main material: 100% cotton</li>\r\n        <li >Made in Portugal</li>\r\n        <li >Item: EF1JQ002BB02</li>\r\n    </ul>\r\n    <p >\r\n        100% of the cotton fibres used to make this garment are certified and\r\n        organically farmed\r\n    </p>"""
13,EF1KL133KH93IAC,"""<p >Jacquard knit cardigan with body motif</p>\r\n    <ul >\r\n        <li >Round neckline</li>\r\n        <li >Structured shoulders</li>\r\n        <li >Long sleeves</li>\r\n        <li >Fastening with 6 buttons</li>\r\n        <li >2 patch pockets with press studs</li>\r\n        <li >\r\n            \""Double Chain Lion\"" buttons in gold metal\r\n        </li>\r\n        <li >Plain back</li>\r\n        <li >Ribbed trim</li>\r\n        <li >Relaxed fit</li>\r\n        <li >\r\n            Model measures 179cm and wears a size 36\r\n        </li>\r\n        <li >\r\n            Main material: 81% merino wool 16% viscose 3% metallic polyester\r\n        </li>\r\n        <li >Made in France</li>\r\n        <li >Item: EF1KL133KH93</li>\r\n    </ul>"""
14,EF1LC245JJ95EDY,"""<p >\r\n        Jacquard skirt with Balmain ribbon motif\r\n    </p>\r\n    <ul >\r\n        <li >\r\n            Visible gold metal zip fastening on the back with Balmain\r\n            Paris-engraved slider\r\n        </li>\r\n        <li >Jersey lining</li>\r\n        <li >Short, tight, high-waisted fit</li>\r\n        <li >\r\n            Model measures 179cm and wears a size 36\r\n        </li>\r\n        <li >\r\n            Main material: 97% viscose 2% polyamide 1% elastane\r\n        </li>\r\n        <li >Made in Portugal</li>\r\n        <li >Item: EF1LC245JJ95</li>\r\n    </ul>"""
15,EF1PO160WC090PA,"""<p >Tailored plain grain de poudre trousers</p>\r\n    <ul >\r\n        <li >\r\n            Waistband with belt loops and a triple belt loop at the back\r\n        </li>\r\n        <li >\r\n            Zip and hook fastening under a placket\r\n        </li>\r\n        <li >2 Italian side pockets</li>\r\n        <li >Regular fit</li>\r\n        <li >\r\n            Model measures 179cm and wears a size 36\r\n        </li>\r\n        <li >Main material: 100% wool</li>\r\n        <li >Made in Slovakia</li>\r\n        <li >Item: EF1PO160WC09</li>\r\n    </ul>\r\n    <p >\r\n        100% of the wool fibres used to make this garment are sourced from sheep\r\n        farms that are certified and animal welfare-friendly\r\n    </p>"""
16,CF1MA012DB690FA,"""<p >Denim shorts</p>\r\n    <ul >\r\n        <li >High sailor-style waist</li>\r\n        <li >\r\n            6 \""Balmain Chain” golden metal buttons\r\n        </li>\r\n        <li >\r\n            2 pockets, western cut-out details\r\n        </li>\r\n        <li >\r\n            Model measures 178cm and wears a size 36\r\n        </li>\r\n        <li >Main material: 100% cotton</li>\r\n        <li >Made in Italy</li>\r\n        <li >Item: CF1MA012DB69</li>\r\n    </ul>"""
17,EF1KL220KH806FF,"""<p >\r\n        Jacquard knit cardigan with denim effect\r\n    </p>\r\n    <ul >\r\n        <li >Round neckline</li>\r\n        <li >Structured shoulders</li>\r\n        <li >Long sleeves</li>\r\n        <li >\r\n            Fastening with 6 \""Double Chain Lion\"" press studs in gold metal\r\n        </li>\r\n        <li >\r\n            Woven Balmain Couture label on the waist\r\n        </li>\r\n        <li >Fitted cut</li>\r\n        <li >\r\n            Model measures 179cm and wears a size 36\r\n        </li>\r\n        <li >\r\n            Main material: 84% viscose 8% polyamide 8% polyester\r\n        </li>\r\n        <li >Made in France</li>\r\n        <li >Item: EF1KL220KH80</li>\r\n    </ul>\r\n    <p >\r\n        100% of the viscose fibres used to make this garment come from\r\n        certified, sustainably managed forests\r\n    </p>"""
18,BKB852200104,"""<p >Two-piece printed PB Labyrinth swimsuit</p>\r\n    <ul >\r\n        <li >Triangle top</li>\r\n        <li >Gold metal PB logo</li>\r\n        <li >Neck fastening with 2 tie straps</li>\r\n        <li >\r\n            Gold metal hook fastening at the back\r\n        </li>\r\n        <li >High-cut briefs</li>\r\n        <li >\r\n            Model measures 179cm and wears a size 36\r\n        </li>\r\n        <li >\r\n            Main material: 81% polyamide 19% elastane\r\n        </li>\r\n        <li >Made in Italy</li>\r\n        <li >Item: BKB852200</li>\r\n    </ul>"""
19,EN1DB943LHLB0PA,"""<p >\r\n        Medium diamond-quilted leather Jolie Madame bag\r\n    </p>\r\n    <ul >\r\n        <li >\r\n            Carry in the hand, on the shoulder or across the body\r\n        </li>\r\n        <li >\r\n            Leather and chain shoulder strap, adjustable and detachable with\r\n            snap hooks\r\n        </li>\r\n        <li >\r\n            Leather handle with engraved B logos and rings\r\n        </li>\r\n        <li >Structured side panels</li>\r\n        <li >\r\n            Metal Balmain Paris logo on the front\r\n        </li>\r\n        <li >\r\n            Magnetic fastening and leather tab\r\n        </li>\r\n        <li >Engraved metal bag feet</li>\r\n        <li >Inside patch pocket</li>\r\n        <li >\r\n            Inside leather card pocket, embossed Balmain logo\r\n        </li>\r\n        <li >Leather lining</li>\r\n        <li >Gold hardware</li>\r\n        <li >\r\n            Dimensions: 8.5 x 34.5 x 22.5&nbsp;cm\r\n        </li>\r\n        <li >Main material: 100% calfskin</li>\r\n        <li >Made in Italy</li>\r\n        <li >Item: EN1DB943LHLB</li>\r\n    </ul>"""
20,EN1DB530LHLB0PA,"""<p >\r\n        B-Buzz 23 bag in diamond-quilted calfskin\r\n    </p>\r\n    <ul >\r\n        <li >\r\n            Carry in the hand, on the shoulder or across the body\r\n        </li>\r\n        <li >Leather handle</li>\r\n        <li >\r\n            Removable leather shoulder strap with snap hooks\r\n        </li>\r\n        <li >\r\n            Flap with quarter-turn B-Twist clasp\r\n        </li>\r\n        <li >Patch pocket on the back</li>\r\n        <li >Inside zipped pocket</li>\r\n        <li >Inside leather card pocket</li>\r\n        <li >Metal bag feet</li>\r\n        <li >Vintage gold hardware</li>\r\n        <li >Dimensions: 23 x 20 x 11&nbsp;cm</li>\r\n        <li >Shoulder strap: 110&nbsp;cm</li>\r\n        <li >Main material: 100% calfskin</li>\r\n        <li >Made in Italy</li>\r\n        <li >Item: EN1DB530LHLB</li>\r\n    </ul>"""
21,EN1BQ954LETF0PA,"""<p >\r\n        1945 Soft Moon bag in embossed crinkled calfskin with a PB Labyrinth\r\n        monogram\r\n    </p>\r\n    <ul >\r\n        <li >\r\n            Carry in the hand, on the shoulder or across the body\r\n        </li>\r\n        <li >Metal Balmain logo</li>\r\n        <li >\r\n            Chain handle interlaced with leather\r\n        </li>\r\n        <li >\r\n            Adjustable removable shoulder strap with a buckle and snap hooks\r\n        </li>\r\n        <li >\r\n            Metal side plaques with engraved B buttons\r\n        </li>\r\n        <li >Zip fastening</li>\r\n        <li >Twill lining</li>\r\n        <li >Inside patch pocket</li>\r\n        <li >Embossed leather card pocket</li>\r\n        <li >Gold hardware</li>\r\n        <li >\r\n            Dimensions: 28 x 20.5 x 5.5&nbsp;cm\r\n        </li>\r\n        <li >Main material: 100% calfskin</li>\r\n        <li >Made in Italy</li>\r\n        <li >Item: EN1BQ954LETF</li>\r\n    </ul>"""
22,EN1BQ954TTSD6FF,"""<p >\r\n        1945 Soft Moon bag in embossed crinkled calfskin with a PB Labyrinth\r\n        monogram\r\n    </p>\r\n    <ul >\r\n        <li >\r\n            Carry in the hand, on the shoulder or across the body\r\n        </li>\r\n        <li >Metal Balmain logo</li>\r\n        <li >\r\n            Chain handle interlaced with leather\r\n        </li>\r\n        <li >\r\n            Adjustable removable shoulder strap with a buckle and snap hooks\r\n        </li>\r\n        <li >\r\n            Metal side plaques with engraved B buttons\r\n        </li>\r\n        <li >Zip fastening</li>\r\n        <li >Twill lining</li>\r\n        <li >Inside patch pocket</li>\r\n        <li >Embossed leather card pocket</li>\r\n        <li >Gold hardware</li>\r\n        <li >\r\n            Dimensions: 28 x 20.5 x 5.5&nbsp;cm\r\n        </li>\r\n        <li >Main material: 100% calfskin</li>\r\n        <li >Made in Italy</li>\r\n        <li >Item: EN1BQ954LETF</li>\r\n    </ul>"""
23,DN0FD871LETF0DA,"""<p >\r\n        Small 1945 Soft bag in embossed crackled calfskin with a PB Labyrinth\r\n        monogram\r\n    </p>\r\n    <ul >\r\n        <li >\r\n            Carry in the hand or wear on the shoulder\r\n        </li>\r\n        <li >Metal Balmain logo</li>\r\n        <li >\r\n            Adjustable side gussets, 3 press studs\r\n        </li>\r\n        <li >\r\n            Double handles in leather and chains interlaced with leather\r\n        </li>\r\n        <li >Engraved eyelets</li>\r\n        <li >Magnetic clasp</li>\r\n        <li >Twill lining</li>\r\n        <li >Inside pockets with press studs</li>\r\n        <li >Leather card pocket</li>\r\n        <li >Reinforced bottom</li>\r\n        <li >Metal bag feet</li>\r\n        <li >Gold hardware</li>\r\n        <li >Dimensions: 28 x 21 x 9.8 cm</li>\r\n        <li >\r\n            Main material: 100% calfskin leather\r\n        </li>\r\n        <li >Made in Italy</li>\r\n        <li >Item: DN0FD871LETF</li>\r\n    </ul>"""
24,EN1DA961TECSGAU,"""<p>Small Jolie Madame bag in leather and printed \""Love Letter\"" canvas</p>\r\n    <ul>\r\n        <li>Carry in the hand, on the shoulder or across the body</li>\r\n        <li>\r\n            Leather and chain shoulder strap, adjustable and detachable with\r\n            snap hooks\r\n        </li>\r\n        <li>Leather handle with engraved B logos and rings</li>\r\n        <li>Structured side panels</li>\r\n        <li>Metal Balmain Paris logo on the front</li>\r\n        <li>Magnetic fastening and leather tab</li>\r\n        <li>Engraved metal bag feet</li>\r\n        <li>Inside leather card pocket, embossed Balmain logo</li>\r\n        <li>Leather lining</li>\r\n        <li>Gold hardware</li>\r\n        <li>Dimensions: 8.5 x 28.5 x 21&nbsp;cm</li>\r\n        <li>Main material: 58% cotton 42% linen</li>\r\n        <li>Made in Italy</li>\r\n        <li>Item: EN1DA961TECS</li>\r\n    </ul>"""
25,EN1LN245LVGU0PA,"""<p >Crewneck zipped calfskin pouch</p>\r\n    <ul >\r\n        <li >For carrying in the hand</li>\r\n        <li >Round neckline effect</li>\r\n        <li >Metal Balmain Couture label</li>\r\n        <li >\r\n            Chain handle interlaced with leather\r\n        </li>\r\n        <li >Zip fastening</li>\r\n        <li >Suede-look lining</li>\r\n        <li >Inside patch pocket</li>\r\n        <li >Embossed leather card pocket</li>\r\n        <li >Gold hardware</li>\r\n        <li >Dimensions: 13 x 31 x 3&nbsp;cm</li>\r\n        <li >Main material: 100% calfskin</li>\r\n        <li >Made in Italy</li>\r\n        <li >Item: EN1LN245LVGU</li>\r\n    </ul>"""
26,DN1FM872TCFEGEM,"""<p>Small canvas B-army Grocery Bag with leather detailing</p>\r\n    <ul>\r\n        <li>Tote bag shape</li>\r\n        <li>Removable leather shoulder strap</li>\r\n        <li>Embroidered Balmain Paris logo</li>\r\n        <li>Press-stud clasp at the top of the bag</li>\r\n        <li>Patch pocket and embossed logo on the inside</li>\r\n        <li>Removable leather card holder</li>\r\n        <li>Leather bag feet</li>\r\n        <li>Golden hardware</li>\r\n        <li>Comes with a protective cover</li>\r\n        <li>Dimensions: 16 x 15 x 5.5 cm</li>\r\n        <li>Main material: 100% calfskin leather</li>\r\n        <li>Made in Italy</li>\r\n        <li>Item: DN1FM872TCFE</li>\r\n    </ul>"""
27,EN1VI736KRCTEAB,"""<p >\r\n        Unicorn Wave trainers in neoprene and calfskin with an all-over \""Love\r\n        Letter\"" print\r\n    </p>\r\n    <ul >\r\n        <li >Padded upper with wave details</li>\r\n        <li >Lace fastening</li>\r\n        <li >\r\n            3D Balmain logo on the tongue and embossed on the side\r\n        </li>\r\n        <li >\r\n            Hollow sole with air-cushion effect, B studs\r\n        </li>\r\n        <li >Neoprene lining</li>\r\n        <li >Leather insole</li>\r\n        <li >Sole height: 7&nbsp;cm</li>\r\n        <li >\r\n            Main material: 50% polyurethane 50% nylon\r\n        </li>\r\n        <li >Made in China</li>\r\n        <li >Item: EN1VI736KRCT</li>\r\n    </ul>"""
28,EM1VI360TRIDSEE,"""<p>Balmain Swan trainers in distressed denim</p>\r\n    <ul>\r\n        <li>Multi-material design in distressed denim and textured mesh</li>\r\n        <li>Textured lace fastening</li>\r\n        <li>Diamond-embossed leather tongue with PB logo</li>\r\n        <li>PB logo inserts in textured mesh on the sides</li>\r\n        <li>Textured mesh insert at the back</li>\r\n        <li>Textured rubber outsole with raised Balmain logo</li>\r\n        <li>Leather lining</li>\r\n        <li>Contrasting leather insole</li>\r\n        <li>Main material: 52% polyester 48% cotton</li>\r\n        <li>Made in Italy</li>\r\n        <li>Item: EM1VI360TRID</li>\r\n    </ul>"""
29,EN1VI735TRIDSEE,"""<p >\r\n        Balmain Swan trainers in distressed denim\r\n    </p>\r\n    <ul >\r\n        <li >\r\n            Multi-material design in distressed denim and textured mesh\r\n        </li>\r\n        <li >Textured lace fastening</li>\r\n        <li >\r\n            Diamond-embossed leather tongue with PB logo\r\n        </li>\r\n        <li >\r\n            PB logo inserts in textured mesh on the sides\r\n        </li>\r\n        <li >Textured mesh insert at the back</li>\r\n        <li >\r\n            Textured rubber outsole with raised Balmain logo\r\n        </li>\r\n        <li >Leather lining</li>\r\n        <li >Contrasting leather insole</li>\r\n        <li >\r\n            Main material: 52% polyester 48% cotton\r\n        </li>\r\n        <li >Made in Italy</li>\r\n        <li >Item: EN1VI735TRID</li>\r\n    </ul>"""
30,CN0VI727TDNM6KF,"""<p >\r\n        B-Court Flip sneakers in monogrammed PB Labyrinth denim\r\n    </p>\r\n    <ul >\r\n        <li >\r\n            Multi-material design in calfskin, suede and monogram denim\r\n        </li>\r\n        <li >Lace fastening</li>\r\n        <li >Woven label with Balmain logo</li>\r\n        <li >B logo embossed on the heel</li>\r\n        <li >Printed Balmain logo on the side</li>\r\n        <li >\r\n            Thick rubber outsole with raised Balmain logo\r\n        </li>\r\n        <li >Technical fabric lining</li>\r\n        <li >Leather insole</li>\r\n        <li >Sole height: 3.5 cm</li>\r\n        <li >\r\n            Main material: 100% calfskin leather\r\n        </li>\r\n        <li >Made in Italy</li>\r\n        <li >Item: CN0VI727TDNM</li>\r\n    </ul>"""
31,DN1VI714TRCMEAB,"""<p>B-East trainers in leather, suede and mesh</p>\r\n    <ul>\r\n        <li>Laces on the top</li>\r\n        <li>Thick soles</li>\r\n        <li>Mesh insert</li>\r\n        <li>Balmain logo</li>\r\n        <li>This item fits true to size (select your usual size)</li>\r\n        <li>Main material: suede, calfskin</li>\r\n        <li>Made in Italy</li>\r\n        <li>Item: DN1VI714TRCM</li>\r\n    </ul>"""
32,CN0VI730LLNP0CV,"""<p>Run-Row leather and nylon sneakers</p>\r\n    <ul>\r\n        <li>Multi-material design in leather and nylon</li>\r\n        <li>Lace fastening</li>\r\n        <li>\r\n            Balmain logo printed on the tongue and embossed on the side and heel\r\n        </li>\r\n        <li>B logo embossed on the front</li>\r\n        <li>Thick, sculpted outsole</li>\r\n        <li>Technical fabric lining and insole</li>\r\n        <li>Sole height: 5 cm</li>\r\n        <li>Upper height: 6 cm</li>\r\n        <li>Main material: 100% calfskin leather</li>\r\n        <li>Made in China</li>\r\n        <li>Item: CN0VI730LLNP</li>\r\n    </ul>"""
33,EN1VI733TRGYGRU,"""<p>Cosmic Dust trainers in technical materials</p>\r\n    <ul>\r\n        <li>Lace fastening with stopper and silver metal loops</li>\r\n        <li>Tongue with printed Balmain and PB logos</li>\r\n        <li>PB logo embossed on the sides</li>\r\n        <li>Balmain logo printed on the front and back</li>\r\n        <li>Sculpted Vibram rubber outsole</li>\r\n        <li>Technical fabric lining and insole</li>\r\n        <li>Main material: 50% polyurethane 50% nylon</li>\r\n        <li>Made in China</li>\r\n        <li>Item: EN1VI733TRGY</li>\r\n    </ul>"""
34,EN1UH078LVHSEAW,"""<p>Suede Ruby heels with rhinestone bows</p>\r\n    <ul>\r\n        <li>Open square toe</li>\r\n        <li>Suede leather front strap</li>\r\n        <li>Suede bow with rhinestone embellishment</li>\r\n        <li>Suede back strap</li>\r\n        <li>Leather-covered stiletto heel</li>\r\n        <li>Leather outsole</li>\r\n        <li>Contrasting Diamond-embossed leather insole</li>\r\n        <li>Leather lining</li>\r\n        <li>Gold hardware</li>\r\n        <li>Heel height: 9.5&nbsp;cm</li>\r\n        <li>Main material: 100% goatskin</li>\r\n        <li>Made in Italy</li>\r\n        <li>Item: EN1UH078LVHS</li>\r\n    </ul>"""
35,EN1TE108LTBC0PA,"""<p>Eden calfskin ankle boots</p>\r\n    <ul>\r\n        <li>Pointed toe</li>\r\n        <li>Gold Balmain Couture logo printed on the side</li>\r\n        <li>Lacquered flower stem-inspired heel</li>\r\n        <li>Back zip with Balmain-engraved slider</li>\r\n        <li>Leather outsole</li>\r\n        <li>Contrasting leather insole embossed with a Diamond motif</li>\r\n        <li>Leather lining</li>\r\n        <li>Heel height: 9.5&nbsp;cm</li>\r\n        <li>Main material: 100% calfskin</li>\r\n        <li>Made in Italy</li>\r\n        <li>Item: EN1TE108LTBC</li>\r\n    </ul>"""
36,EN1UG866TJMAGFE,"""<p>Alex canvas espadrilles with PB Labyrinth monogram</p>\r\n    <ul>\r\n        <li>Round toe</li>\r\n        <li>Woven upper with PB Labyrinth monogram</li>\r\n        <li>Rope and rubber outsole</li>\r\n        <li>Contrasting diamond-embossed leather insole</li>\r\n        <li>Leather lining</li>\r\n        <li>Heel height: 4&nbsp;cm</li>\r\n        <li>Main material: 84% cotton 16% polyester</li>\r\n        <li>Made in Spain</li>\r\n        <li>Item: EN1UG866TJMA</li>\r\n    </ul>"""
37,CBPS156156A,"""<p >B-Eye Sunglasses</p>\r\n    <ul >\r\n        <li >Square cat-eye shape</li>\r\n        <li >Smoke lenses</li>\r\n        <li >Mother-of-pearl acetate frame</li>\r\n        <li >Bridge with metallic detail</li>\r\n        <li >\r\n            Hinges and screws with engraved B logo\r\n        </li>\r\n        <li >\r\n            Raised golden Balmain logo on one of the temples\r\n        </li>\r\n        <li >Coloured hardware</li>\r\n        <li >Main material: acetate</li>\r\n        <li >Made in Japan</li>\r\n        <li >Item: CBPS156</li>\r\n    </ul>"""
38,EN1ON197LCLLGA,"""<p>B-Buzz wallet in printed \""Love Letter\"" calfskin</p>\r\n    <ul>\r\n        <li>Carry in the hand, on the shoulder or across the body</li>\r\n        <li>Detachable chain strap</li>\r\n        <li>Flap with B-Twist clasp and press stud</li>\r\n        <li>Inside zipped pocket</li>\r\n        <li>12 inside leather card pockets</li>\r\n        <li>Contrasting leather lining</li>\r\n        <li>Vintage gold hardware</li>\r\n        <li>Dimensions: 20 x 11 x 3&nbsp;cm</li>\r\n        <li>Main material: 100% calfskin</li>\r\n        <li>Made in Italy</li>\r\n        <li>Item: EN1ON197LCLL</li>\r\n    </ul>"""
39,EN1WJ000LVTL0PA,"""<p>Thin calfskin B-Belt</p>\r\n    <ul>\r\n        <li>Adjustable fastening, stud button</li>\r\n        <li>Engraved gold metal B buckle</li>\r\n        <li>Embossed Balmain logo</li>\r\n        <li>Width: 2&nbsp;cm</li>\r\n        <li>Main material: 100% calfskin leather</li>\r\n        <li>Made in Italy</li>\r\n        <li>Item: EN1WJ000LVTL</li>\r\n    </ul>"""
40,EN4XM426MBPTX99,"""<p>Brass, metal and rhinestone safety pin brooch</p>\r\n    <ul>\r\n        <li>Silver safety pin with inlaid rhinestones</li>\r\n        <li>Engraved Balmain Paris plaque in gold brass</li>\r\n        <li>Pin fastening</li>\r\n        <li>Balmain Paris logo engraved on the back</li>\r\n        <li>One size</li>\r\n        <li>Main material: 70% brass 20% copper 10% zamac</li>\r\n        <li>Made in Italy</li>\r\n        <li>Item: EN4XM426MBPT</li>\r\n    </ul>"""
41,EF1XF090SE90GAB,"""<p>Printed silk \""Love Letter\"" bandana</p>\r\n    <ul>\r\n        <li>Reversible</li>\r\n        <li>Balmain Couture logos</li>\r\n        <li>Dimensions: 96 x 8.5 cm</li>\r\n        <li>Main material: 100% silk</li>\r\n        <li>Made in Italy</li>\r\n        <li>Item: EF1XF090SE90</li>\r\n    </ul>"""
42,CF1XA070MB38GEM,"""<p>Cotton B-Army cap with Balmain logo</p>\r\n    <ul>\r\n        <li>Adjustable fastening</li>\r\n        <li>Fits true to size: select your usual size.</li>\r\n        <li>Main material: 58% Cotton, 42% Linen</li>\r\n        <li>Made in Bulgaria</li>\r\n        <li>Item: CF1XA070MB38</li>\r\n    </ul>"""
43,CN1LN220LNQD0PA,"""<p>1945 smooth quilted leather minaudière bag</p>\r\n    <ul>\r\n        <li>Elongated cup-holder style</li>\r\n        <li>Worn over the shoulder or at the waist</li>\r\n        <li>Golden Balmain Paris logo</li>\r\n        <li>Removable leather and chain shoulder strap</li>\r\n        <li>Flap with golden metal zip</li>\r\n        <li>Reinforced insets at the flap corners</li>\r\n        <li>Golden hardware</li>\r\n        <li>Comes with a protective cover</li>\r\n        <li>Dimensions: 10 x 10 x 15.5 cm</li>\r\n        <li>Main material: 100% lambskin leather</li>\r\n        <li>Made in Italy</li>\r\n        <li>Item: CN1LN220LNQD</li>\r\n    </ul>"""
44,EH1AM055VB000FA,"""<p>Crepe collared T-shirt with \""Love Letter\"" embroidery</p>\r\n    <ul>\r\n        <li>Shirt collar with hidden button</li>\r\n        <li>Round neckline</li>\r\n        <li>Short cuffed sleeves</li>\r\n        <li>\r\n            \""Love Letter\"" embroidery in contrasting textured thread on the front\r\n        </li>\r\n        <li>Regular fit</li>\r\n        <li>Model measures 187cm and wears a size 48</li>\r\n        <li>Main material: 100% viscose</li>\r\n        <li>Made in Italy</li>\r\n        <li>Item: EH1AM055VB00</li>\r\n    </ul>\r\n    <p>\r\n        100% of the viscose fibres used to make this garment come from\r\n        certified, sustainably managed forests\r\n    </p>"""
45,EH1HS40521VGEAB,"""<p>Loose shirt with \""Love Letter\"" embroidery</p>\r\n    <ul>\r\n        <li>Shirt collar</li>\r\n        <li>Long sleeves</li>\r\n        <li>Straight buttoned cuffs</li>\r\n        <li>\r\n            \""Love Letter\"" embroidery in contrasting textured thread on the front\r\n        </li>\r\n        <li>Fastening with 7 engraved buttons (6 under the placket)</li>\r\n        <li>Straight cut</li>\r\n        <li>Model measures 186cm and wears a size 39</li>\r\n        <li>Main material: 100% viscose</li>\r\n        <li>Made in Italy</li>\r\n        <li>Item: EH1HS40521VG</li>\r\n    </ul>"""
46,EH1GC027BC920PA,"""<p>Cotton polo shirt with leather Balmain Couture label</p>\r\n    <ul>\r\n        <li>Polo collar</li>\r\n        <li>Zip fastening, engraved silver metal slider</li>\r\n        <li>Short sleeves</li>\r\n        <li>Leather Balmain Couture label embroidered on the chest</li>\r\n        <li>Straight cut</li>\r\n        <li>Model measures 190cm and wears a size M</li>\r\n        <li>Main material: 100% cotton</li>\r\n        <li>Made in Italy</li>\r\n        <li>Item: EH1GC027BC92</li>\r\n    </ul>"""
47,EH1EH175PC70GAB,"""<p>Embroidered Balmain Letter T-shirt</p>\r\n    <ul>\r\n        <li>Round neck with ribbed trim</li>\r\n        <li>Short sleeves</li>\r\n        <li>Contrasting Balmain Letter logo embroidered on the front</li>\r\n        <li>Regular fit</li>\r\n        <li>Model measures 187cm and wears a size M</li>\r\n        <li>Main material: 100% cotton</li>\r\n        <li>Made in India</li>\r\n        <li>Item: EH1EH175PC70</li>\r\n    </ul>"""
48,EH1EG010BC90GFE,"""<p>PB Labyrinth jacquard T-shirt</p>\r\n    <ul>\r\n        <li>Round neck with contrasting ribbed trim</li>\r\n        <li>Short sleeves</li>\r\n        <li>Woven Balmain Couture label on the chest</li>\r\n        <li>Regular fit</li>\r\n        <li>Model measures 187cm and wears a size M</li>\r\n        <li>Main material: 95% cotton 5% elastane</li>\r\n        <li>Made in Portugal</li>\r\n        <li>Item: EH1EG010BC90</li>\r\n    </ul>\r\n    <p>\r\n        100% of the cotton fibres used to make this garment are certified and\r\n        organically farmed\r\n    </p>"""
49,EH1JT240PC70EAW,"""<p>Embroidered Balmain Letter hoodie</p>\r\n    <ul>\r\n        <li>Round neckline</li>\r\n        <li>Adjustable hood with drawstring</li>\r\n        <li>Engraved metal aglets, eyelets and stoppers</li>\r\n        <li>Long sleeves</li>\r\n        <li>Embroidered Balmain Letter logo on the front</li>\r\n        <li>Raised embroidery in crystals and beads</li>\r\n        <li>Kangaroo pocket</li>\r\n        <li>Ribbed trim</li>\r\n        <li>Regular fit</li>\r\n        <li>Model measures 186cm and wears a size M</li>\r\n        <li>Main material: 100% cotton</li>\r\n        <li>Made in India</li>\r\n        <li>Item: EH1JT240PC70</li>\r\n    </ul>"""
50,EH1KD013KI04GAB,"""<p>Striped \""Love Letter\"" knit jumper</p>\r\n    <ul>\r\n        <li>Round neckline</li>\r\n        <li>3 decorative \""Chain Lion\"" buttons in gold metal on the shoulder</li>\r\n        <li>Long sleeves</li>\r\n        <li>Contrasting ribbed edging</li>\r\n        <li>Relaxed fit</li>\r\n        <li>Model measures 187cm and wears a size M</li>\r\n        <li>\r\n            Main material: 66% merino wool 19% cotton 9% polyamide 5% wool 1%\r\n            elastane\r\n        </li>\r\n        <li>Made in France</li>\r\n        <li>Item: EH1KD013KI04</li>\r\n    </ul>"""
51,EH1SE28509WCEHV,"""<p>\r\n        Tailored grain de poudre 1-button jacket with \""Love Letter\"" embroidery\r\n    </p>\r\n    <ul>\r\n        <li>Embroidered Italian tailored collar</li>\r\n        <li>Structured shoulders</li>\r\n        <li>Long sleeves</li>\r\n        <li>Straight cuffs with 3 matching covered buttons</li>\r\n        <li>Crystal and cannetille embroidery on the collar and cuff</li>\r\n        <li>1 breast pocket</li>\r\n        <li>2 side slash pockets with flaps</li>\r\n        <li>Fastening with 1 matching covered button</li>\r\n        <li>2 slash inside pockets with buttons</li>\r\n        <li>Satin lining</li>\r\n        <li>Straight cut</li>\r\n        <li>Model measures 187cm and wears a size 48</li>\r\n        <li>Main material: 100% wool</li>\r\n        <li>Made in Slovakia</li>\r\n        <li>Item: EH1SE28509WC</li>\r\n    </ul>\r\n    <p>\r\n        100% of the wool fibres used to make this garment are sourced from sheep\r\n        farms that are certified and animal welfare-friendly\r\n    </p>"""
52,EH1TF955VH56EAB,""" <p>Bomber jacket with all-over Balmain label print</p>\r\n    <ul>\r\n        <li>Long sleeves</li>\r\n        <li>2 slash side pockets</li>\r\n        <li>Front fastening with 7 Balmain-engraved press studs</li>\r\n        <li>Ribbed trim</li>\r\n        <li>Woven Balmain Couture label on the back</li>\r\n        <li>Inside pocket with press stud</li>\r\n        <li>Satin lining</li>\r\n        <li>Relaxed fit</li>\r\n        <li>Model measures 190cm and wears a size 48</li>\r\n        <li>Main material: 100% viscose</li>\r\n        <li>Made in Italy</li>\r\n        <li>Item: EH1TF955VH56</li>\r\n    </ul>"""
53,EH1PQ305WC090PA,"""<p >Pleated plain grain de poudre trousers</p>\r\n    <ul >\r\n        <li >\r\n            Waistband with belt loops and a triple belt loop at the back\r\n        </li>\r\n        <li >Front pleats with belt loops</li>\r\n        <li >\r\n            Zip and hook fastening under a placket\r\n        </li>\r\n        <li >2 slash side pockets</li>\r\n        <li >2 slash pockets on the back</li>\r\n        <li >Loose fit and regular waist</li>\r\n        <li >\r\n            Model measures 187cm and wears a size 48\r\n        </li>\r\n        <li >Main material: 100% wool</li>\r\n        <li >Made in Slovakia</li>\r\n        <li >Item: EH1PQ305WC09</li>\r\n    </ul>\r\n    <p >\r\n        100% of the wool fibres used to make this garment are sourced from sheep\r\n        farms that are certified and animal welfare-friendly\r\n    </p>"""
54,DH1PQ260VF43EAB,"""<p>Palm print satin pyjama trousers</p>\r\n    <ul>\r\n        <li>Relaxed fit</li>\r\n        <li>2 Italian pockets</li>\r\n        <li>Elasticated waist with inner drawstring</li>\r\n        <li>Pierre Balmain signature integrated into the print</li>\r\n        <li>Flowing fit</li>\r\n        <li>Model measures 189cm and wears a size 48</li>\r\n        <li>Main material: 100% cupro</li>\r\n        <li>Made in Bulgaria</li>\r\n        <li>Item: DH1PQ260VF43</li>\r\n    </ul>"""
55,EH1SC285MG90ENA,"""<p>Cropped denim and grain de poudre jacket</p>\r\n    <ul>\r\n        <li>Italian tailored collar</li>\r\n        <li>Structured shoulders</li>\r\n        <li>Long sleeves</li>\r\n        <li>Straight cuffs with 3 covered buttons</li>\r\n        <li>Denim jacket insert</li>\r\n        <li>2 flap chest pockets</li>\r\n        <li>2 slash side pockets</li>\r\n        <li>Buttoned cuffs and side tabs</li>\r\n        <li>\""Double Chain Lion\"" buttons in gold metal</li>\r\n        <li>Woven Balmain Couture label on the waist</li>\r\n        <li>2 slash inside pockets</li>\r\n        <li>Satin lining</li>\r\n        <li>Straight, cropped fit</li>\r\n        <li>Model measures 190cm and wears a size 48</li>\r\n        <li>Main material: 100% wool</li>\r\n        <li>Made in Slovakia</li>\r\n        <li>Item: EH1SC285MG90</li>\r\n    </ul>\r\n    <p>\r\n        100% of the wool fibres used to make this garment are sourced from sheep\r\n        farms that are certified and animal welfare-friendly\r\n    </p>"""
56,DH0JS118BC81EAH,"""<p >\r\n        Vintage Balmain embroidered oversized sweatshirt\r\n    </p>\r\n    <ul >\r\n        <li >Relaxed fit</li>\r\n        <li >Round neckline</li>\r\n        <li >Long sleeves</li>\r\n        <li >Rounded panels</li>\r\n        <li >\r\n            Multicoloured vintage Balmain logo embroidered on the front\r\n        </li>\r\n        <li >Ribbed trim</li>\r\n        <li >\r\n            Model measures 189cm and wears a size M\r\n        </li>\r\n        <li >Main material: 100% cotton</li>\r\n        <li >Made in Portugal</li>\r\n        <li >Item: DH0JS118BC81</li>\r\n    </ul>\r\n    <p >\r\n        100% of the cotton fibres used to make this garment are certified and\r\n        organically farmed\r\n    </p>"""
57,BWB641590012,"""<p>Vintage Balmain swim shorts</p>\r\n    <ul>\r\n        <li>Elasticated drawstring waist</li>\r\n        <li>Silver metal eyelets and aglets</li>\r\n        <li>2 slash side pockets</li>\r\n        <li>Contrasting vintage Balmain logo printed on the side</li>\r\n        <li>Model measures 189cm and wears a size M</li>\r\n        <li>Main material: 100% polyester</li>\r\n        <li>Made in Italy</li>\r\n        <li>Item: BWB641590</li>\r\n    </ul>"""
58,EM1VI362KRCTEAB,"""<p>\r\n        Unicorn Wave trainers in neoprene and calfskin with an all-over \""Love\r\n        Letter\"" print\r\n    </p>\r\n    <ul>\r\n        <li>Padded upper with wave details</li>\r\n        <li>Lace fastening</li>\r\n        <li>3D Balmain logo on the tongue and embossed on the side</li>\r\n        <li>Hollow sole with air-cushion effect, B studs</li>\r\n        <li>Neoprene lining</li>\r\n        <li>Leather insole</li>\r\n        <li>Sole height: 7 cm</li>\r\n        <li>Main material: 50% polyurethane 50% nylon</li>\r\n        <li>Made in China</li>\r\n        <li>Item: EM1VI362KRCT</li>\r\n    </ul>"""
59,DM1VI288LTSGEAB,"""<p>B-Court sneakers in calfskin</p>\r\n    <ul>\r\n        <li>Lace fastening with engraved eyelets</li>\r\n        <li>Leather label with Balmain logo</li>\r\n        <li>Contrasting leather insert with embossed B logo on the back</li>\r\n        <li>Metal Balmain logo on the side</li>\r\n        <li>\r\n            Thick rubber outsole with contrasting detail, embossed Balmain logo\r\n        </li>\r\n        <li>Leather lining and insole</li>\r\n        <li>Silver hardware</li>\r\n        <li>Main material: 100% calfskin leather</li>\r\n        <li>Made in Italy</li>\r\n        <li>Item: DM1VI288LTSG</li>\r\n    </ul>"""
60,DM1VI350TNVFEFF,"""<p>B-East trainers in leather, suede and mesh</p>\r\n    <ul>\r\n        <li>Multi-material design in technical materials</li>\r\n        <li>Lace fastening with loops</li>\r\n        <li>PB logo inserts on the sides</li>\r\n        <li>Balmain logo embossed on the sole, front and sides</li>\r\n        <li>Balmain logo printed on the tongue and side</li>\r\n        <li>Pull tab details on the front and back</li>\r\n        <li>Main material: 100% calfskin</li>\r\n        <li>Made in Italy</li>\r\n        <li>Item: DM1VI350TNVF</li>\r\n    </ul>"""
61,DM1VI355LNVYEFF,"""<p>Run-Row leather and nylon sneakers</p>\r\n    <ul>\r\n        <li>Multi-material design</li>\r\n        <li>Lace fastening</li>\r\n        <li>\r\n            Contrasting Balmain logo printed on the tongue, and embossed on the\r\n            side and heel\r\n        </li>\r\n        <li>Contrasting B logo embossed on the front</li>\r\n        <li>Thick, sculpted outsole with contrasting detail</li>\r\n        <li>Technical fabric lining and insole</li>\r\n        <li>Main material: 100% calfskin leather</li>\r\n        <li>Made in China</li>\r\n        <li>Item: DM1VI355LNVY</li>\r\n    </ul>"""
62,EM1VI357TMGOYAD,""" <p>Cosmic Dust fleece trainers</p>\r\n    <ul>\r\n        <li>Lace fastening with stopper and silver metal loops</li>\r\n        <li>Tongue with printed Balmain and PB logos</li>\r\n        <li>PB logo embossed on the sides</li>\r\n        <li>Balmain logo printed on the front and back</li>\r\n        <li>Sculpted Vibram rubber outsole</li>\r\n        <li>Technical fabric lining and insole</li>\r\n        <li>Main material: 82% nylon 14% spandex 4% TPU</li>\r\n        <li>Made in China</li>\r\n        <li>Item: EM1VI357TMGO</li>\r\n    </ul>"""
63,DM0TE346LPAT0PA,"""<p>Eden patent leather Chelsea boots</p>\r\n    <ul>\r\n        <li>Square toe</li>\r\n        <li>Elastic on the sides</li>\r\n        <li>Pull tab at the back</li>\r\n        <li>Covered heel embellished with gold metal grillz inlay</li>\r\n        <li>Leather lining</li>\r\n        <li>Leather insole</li>\r\n        <li>Leather outsole</li>\r\n        <li>Heel height: 5.5 cm</li>\r\n        <li>Main material: 100% calfskin leather</li>\r\n        <li>Made in Italy</li>\r\n        <li>Item: DM0TE346LPAT</li>\r\n    </ul>"""
64,BM1UO330LIRS0PA,"""<p>Ben smooth leather loafers</p>\r\n    <ul>\r\n        <li>Pointed toe</li>\r\n        <li>Raised golden metal PB logo on the front band</li>\r\n        <li>Balmain logo on the insole at the heel</li>\r\n        <li>Thick and slightly protruding sole in smooth leather and rubber</li>\r\n        <li>Leather lining</li>\r\n        <li>Leather insole</li>\r\n        <li>Heel height: 5 cm</li>\r\n        <li>Main material: calfskin</li>\r\n        <li>Made in Italy</li>\r\n        <li>Item: BM1UO330LIRS</li>\r\n    </ul>"""
65,CM1UG320TJMAGFE,"""<p >Alex espadrilles with jacquard monogram</p>\r\n    <ul >\r\n        <li >Wedge soles</li>\r\n        <li >\r\n            This item fits true to size (select your usual shoe size)\r\n        </li>\r\n        <li >\r\n            Main material: 84% cotton, 16% polyester\r\n        </li>\r\n        <li >Made in Italy</li>\r\n        <li >Item: CM1UG320TJMA</li>\r\n    </ul>"""
66,EM1FF239TNDTEAF,"""<p>1945 Soft tote bag in diamond-quilted nylon</p>\r\n    <ul>\r\n        <li>Carry in the hand or wear on the shoulder</li>\r\n        <li>Metal Balmain logo</li>\r\n        <li>Adjustable side gussets, 3 press studs</li>\r\n        <li>Double handles in leather and chains interlaced with nylon</li>\r\n        <li>Engraved eyelets</li>\r\n        <li>Magnetic fastening</li>\r\n        <li>Nylon lining</li>\r\n        <li>Metal bag feet</li>\r\n        <li>Inside zipped pocket</li>\r\n        <li>Leather card pocket</li>\r\n        <li>Gold hardware</li>\r\n        <li>Dimensions: 40 x 30 x 13.5&nbsp;cm</li>\r\n        <li>Main material: 100% polyester</li>\r\n        <li>Made in Italy</li>\r\n        <li>Item: EM1FF239TNDT</li>\r\n    </ul>"""
67,CM1SH055TGBO0PA,"""<p >Rubber Guitar Clutch Bag</p>\r\n    <ul >\r\n        <li >Guitar shape</li>\r\n        <li >\r\n            Balmain Signature logo in contrasting print\r\n        </li>\r\n        <li >\r\n            Handle and detachable shoulder strap with snap hooks\r\n        </li>\r\n        <li >Silver hardware</li>\r\n        <li >\r\n            Contrasting topstitching and silver Balmain Paris-engraved rivets\r\n        </li>\r\n        <li >Comes with a protective cover</li>\r\n        <li >Dimensions: 32.5 x 26 x 8.5 cm</li>\r\n        <li >Main material: 100% Rubber</li>\r\n        <li >Made in Italy</li>\r\n        <li >Item: CM1SH055TGBO</li>\r\n    </ul>"""
68,DBPS164164C,"""<p>B-Army sunglasses</p>\r\n    <ul>\r\n        <li>Square cat-eye shape</li>\r\n        <li>Smoke lenses with engraved PB logo</li>\r\n        <li>Tortoiseshell acetate frame</li>\r\n        <li>Gold metal screws</li>\r\n        <li>Temple with gold Balmain logo</li>\r\n        <li>Main material: acetate</li>\r\n        <li>Made in Japan</li>\r\n        <li>Item: DBPS164</li>\r\n    </ul>"""
69,DBPS164164B,"""<p>B-Army sunglasses</p>\r\n    <ul>\r\n        <li>Square cat-eye shape</li>\r\n        <li>Smoke lenses with engraved PB logo</li>\r\n        <li>Tortoiseshell acetate frame</li>\r\n        <li>Gold metal screws</li>\r\n        <li>Temple with gold Balmain logo</li>\r\n        <li>Main material: acetate</li>\r\n        <li>Made in Japan</li>\r\n        <li>Item: DBPS164</li>\r\n    </ul>"""
70,DBPS164164A,"""<p>B-Army sunglasses</p>\r\n    <ul>\r\n        <li>Square cat-eye shape</li>\r\n        <li>Smoke lenses with engraved PB logo</li>\r\n        <li>Tortoiseshell acetate frame</li>\r\n        <li>Gold metal screws</li>\r\n        <li>Temple with gold Balmain logo</li>\r\n        <li>Main material: acetate</li>\r\n        <li>Made in Japan</li>\r\n        <li>Item: DBPS164</li>\r\n    </ul>"""
71,EN1MA195LCLLGAB,"""<p>B-Buzz card holder in printed \""Love Letter\"" calfskin</p>\r\n    <ul>\r\n        <li>Vintage gold metal B logo</li>\r\n        <li>Card pockets</li>\r\n        <li>Gold embossed Balmain logo</li>\r\n        <li>Dimensions: 11.5 x 8.5 x 1.5&nbsp;cm</li>\r\n        <li>Main material: 100% calfskin</li>\r\n        <li>Made in Italy</li>\r\n        <li>Item: EN1MA195LCLL</li>\r\n    </ul>"""
72,BM0WJ016TMCKWFP,"""<p >Monogrammed waxed canvas belt</p>\r\n    <ul >\r\n        <li >Gold metal monogram buckle</li>\r\n        <li >5 square eyelets in gold metal</li>\r\n        <li >Suede leather lining</li>\r\n        <li >\r\n            Embossed Balmain logo on the inside\r\n        </li>\r\n        <li >Width: 3.5 cm</li>\r\n        <li >Main material: 100% calfskin</li>\r\n        <li >Made in Italy</li>\r\n        <li >Item: BM0WJ016TMCK</li>\r\n    </ul>"""
73,DN1XH358MLTOIAB,"""<p>Brass chain bracelet</p>\r\n    <ul>\r\n        <li>Silver brass base</li>\r\n        <li>Gold brass chain</li>\r\n        <li>Balmain Paris engraved on the inside</li>\r\n        <li>Main material: 100% brass</li>\r\n        <li>Made in Thailand</li>\r\n        <li>Item: DN1XH358MLTO</li>\r\n    </ul>"""
74,CN4DB530TCDY,"""<p >B-Buzz 23 bag in canvas and calfskin</p>\r\n    <ul >\r\n        <li >\r\n            Carry in the hand, on the shoulder or across the body\r\n        </li>\r\n        <li >Leather handle</li>\r\n        <li >\r\n            Detachable leather strap with engraved snap hooks\r\n        </li>\r\n        <li >\r\n            Flap with quarter-turn B-Twist clasp\r\n        </li>\r\n        <li >Patch pocket at the back</li>\r\n        <li >Inside zipped pocket</li>\r\n        <li >Inside leather card pocket</li>\r\n        <li >Smooth leather lining</li>\r\n        <li >Metal bag feet</li>\r\n        <li >Golden hardware</li>\r\n        <li >Dimensions: 23 x 20 x 11 cm</li>\r\n        <li >Shoulder strap: 110 cm</li>\r\n        <li >Main material: 100% cotton</li>\r\n        <li >Made in Italy</li>\r\n        <li >Item: CN4DB530TCDY</li>\r\n    </ul>"""
75,DN1ON225LGSR8AG,"""<p>Emblème grained calfskin clutch</p>\r\n        <ul>\r\n            <li>Carry in the hand, on the shoulder or across the body</li>\r\n            <li>Gold printed Balmain logo</li>\r\n            <li>Chain shoulder strap</li>\r\n            <li>Decorative \""Coin\"" press-stud fastening</li>\r\n            <li>\r\n                Inside leather pockets and card pocket, embossed gold Balmain\r\n                logo\r\n            </li>\r\n            <li>Leather lining</li>\r\n            <li>Gold hardware</li>\r\n            <li>Dimensions: 19 x 12 x 3 cm</li>\r\n            <li>Main material: 100% calfskin leather</li>\r\n            <li>Made in Italy</li>\r\n            <li>Item: DN1ON225LGSR</li>\r\n        </ul>"""
76,EN1DB960TDTW6FF,"""<p >Medium denim Jolie Madame bag</p>\r\n    <ul >\r\n        <li >\r\n            Carry in the hand, on the shoulder or across the body\r\n        </li>\r\n        <li >\r\n            Denim and chain shoulder strap with snap hooks and an adjustable\r\n            buckle\r\n        </li>\r\n        <li >\r\n            Handle with engraved B logos and rings\r\n        </li>\r\n        <li >Front pocket</li>\r\n        <li >\r\n            Jeans effect with metal \""Double Chain Lion\"" button\r\n        </li>\r\n        <li >Structured side panels</li>\r\n        <li >\r\n            Magnetic fastening and leather tab\r\n        </li>\r\n        <li >Engraved metal bag feet</li>\r\n        <li >Inside patch pocket</li>\r\n        <li >\r\n            Inside leather card pocket, embossed Balmain logo\r\n        </li>\r\n        <li >Leather lining</li>\r\n        <li >Gold hardware</li>\r\n        <li >\r\n            Dimensions: 8.5 x 34.5 x 22.5&nbsp;cm\r\n        </li>\r\n        <li >Main material: 100% cotton</li>\r\n        <li >Made in Italy</li>\r\n        <li >Item: EN1DB960TDTW</li>\r\n    </ul>"""
77,CN1FF869TMBJWEZ,"""<p>Olivier's Cabas in canvas with smooth leather details</p>\r\n    <ul>\r\n        <li>Trapezoid shape</li>\r\n        <li>Two handles to wear on the shoulder</li>\r\n        <li>Removable and adjustable leather shoulder strap</li>\r\n        <li>Contrasting Balmain Signature logo on the front</li>\r\n        <li>Press-stud fastening on leather tab inside</li>\r\n        <li>Flat Balmain embossed pocket inside</li>\r\n        <li>Golden hardware</li>\r\n        <li>Comes with a protective cover</li>\r\n        <li>Dimensions: 35.5 x 28 x 13 cm</li>\r\n        <li>Main material: 100% calfskin leather</li>\r\n        <li>Made in Italy</li>\r\n        <li>Item: CN1FF869TMBJ</li>\r\n    </ul>"""
78,DN1FE818TJDCGFE,"""<p>B-Army small monogrammed jacquard bag with leather details</p>\r\n    <ul>\r\n        <li>Tote bag shape</li>\r\n        <li>Leather handles and adjustable shoulder strap</li>\r\n        <li>Leather inserts and embroidered Balmain Paris logo</li>\r\n        <li>Balmain engraved lobster clasp at the top of the bag</li>\r\n        <li>Patch pocket and embossed logo on the inside</li>\r\n        <li>Leather bag feet</li>\r\n        <li>Golden hardware</li>\r\n        <li>Comes with a protective cover</li>\r\n        <li>Dimensions: 20.5 x 26 x 8.5 cm</li>\r\n\r\n        <li>Main material: 88% cotton, 12% polyester, calfskin</li>\r\n\r\n        <li>Made in Italy</li>\r\n\r\n        <li>Item: DN1FE818TJDC</li>\r\n    </ul>"""
79,EF1KA120KH91GAU,"""<p >\r\n        Two-tone knit jumper with faux cardigan design\r\n    </p>\r\n    <ul >\r\n        <li >Round-neck cardigan</li>\r\n        <li >Fastening with 2 press studs</li>\r\n        <li >Round-neck jumper</li>\r\n        <li >Structured shoulders</li>\r\n        <li >Long sleeves</li>\r\n        <li >2 fake pockets with buttons</li>\r\n        <li >\r\n            \""Chain Lion Thread\"" buttons in two-tone metal\r\n        </li>\r\n        <li >Contrasting ribbed edging</li>\r\n        <li >Cropped slim fit</li>\r\n        <li >\r\n            Model measures 179cm and wears a size 36\r\n        </li>\r\n        <li >\r\n            Main material: 55% wool 24% cashmere 21% virgin wool\r\n        </li>\r\n        <li >Made in Italy</li>\r\n        <li >Item: EF1KA120KH91</li>\r\n    </ul>"""
80,EN1DB953AHXSEAW,"""<p >\r\n        B-Buzz Dynasty bag in suede and rhinestones\r\n    </p>\r\n    <ul >\r\n        <li >\r\n            Carry in the hand, on the shoulder or across the body\r\n        </li>\r\n        <li >\r\n            Reflective leather handle, Balmain-engraved plaque\r\n        </li>\r\n        <li >\r\n            Removable chain shoulder strap with snap hooks\r\n        </li>\r\n        <li >Flap with magnetic B-Twist clasp</li>\r\n        <li >\r\n            Reflective leather patch pocket on the back\r\n        </li>\r\n        <li >Embossed leather card pocket</li>\r\n        <li >Leather lining</li>\r\n        <li >Metal bag feet</li>\r\n        <li >Silver hardware</li>\r\n        <li >Dimensions: 16 x 23 x 7&nbsp;cm</li>\r\n        <li >Main material: 100% goatskin</li>\r\n        <li >Made in Italy</li>\r\n        <li >Item: EN1DB953AHXS</li>\r\n    </ul>"""
81,CN1EG879TMBJEEO,"""<p>Monogram canvas bucket bag with smooth leather detailing</p>\r\n    <ul>\r\n        <li>Basket shape with double flaps</li>\r\n        <li>Balmain Signature logo in contrasting print</li>\r\n        <li>Side opening, press-studs on leather placket</li>\r\n        <li>Contrasting braided leather handles</li>\r\n        <li>Removable and adjustable leather shoulder strap</li>\r\n        <li>Patch pocket and embossed logo on the inside</li>\r\n        <li>Metal bag feet</li>\r\n        <li>Balmain-engraved golden metal hardware</li>\r\n        <li>Contrasting topstitching</li>\r\n        <li>Comes with a protective cover</li>\r\n        <li>Dimensions: 32.5 x 26 x 8.5 cm</li>\r\n        <li>Materials: Canvas P/U leather</li>\r\n        <li>Main material: 100% calfskin leather</li>\r\n        <li>Made in Italy</li>\r\n        <li>Item: CN1EG879TMBJ</li>\r\n    </ul>"""
82,EF1R5086KH88GAU,"""<p>Two-tone knit dress with faux waistcoat design</p>\r\n    <ul>\r\n        <li>Dress with round neckline</li>\r\n        <li>Sleeveless</li>\r\n        <li>Integrated V-neck waistcoat</li>\r\n        <li>Front fastening with 5 press studs</li>\r\n        <li>2 fake front pockets with buttons</li>\r\n        <li>\""Chain Lion Thread\"" buttons in two-tone metal</li>\r\n        <li>\r\n            Visible gold metal zip fastening on the back with Balmain\r\n            Paris-engraved slider\r\n        </li>\r\n        <li>Contrasting ribbed edging</li>\r\n        <li>Short slim fit</li>\r\n        <li>Model measures 178cm and wears a size 36</li>\r\n        <li>Main material: 85% viscose 15% polyester</li>\r\n        <li>Made in Italy</li>\r\n        <li>Item: EF1R5086KH88</li>\r\n    </ul>\r\n    <p>\r\n        100% of the viscose fibres used to make this garment come from\r\n        certified, sustainably managed forests\r\n    </p>"""
83,DM1GE150TJMYGFE,"""<p >Two-tone jacquard backpack</p>\r\n    <ul >\r\n        <li >Zip fastenings</li>\r\n        <li >Adjustable shoulder straps</li>\r\n        <li >\r\n            Balmain logo with silver foil hot stamping\r\n        </li>\r\n        <li >Black leather inserts</li>\r\n        <li >Exterior zipped pocket</li>\r\n        <li >Palladium finish</li>\r\n        <li >Comes with a protective cover</li>\r\n        <li >Dimensions: 18 x 30 x 40 cm</li>\r\n        <li >\r\n            Main material: 84% cotton, 16% polyester\r\n        </li>\r\n        <li >Made in France</li>\r\n        <li >Item: DM1GE150TJMY</li>\r\n    </ul>"""
