image_id,product_id,image_filename
1_1,EF1R8018KI13SOL,EF1R8018KI13SOLA.avif
1_2,EF1R8018KI13SOL,EF1R8018KI13SOLB.avif
1_3,EF1R8018KI13SOL,EF1R8018KI13SOLC.avif
1_4,EF1R8018KI13SOL,EF1R8018KI13SOLD.avif
1_5,EF1R8018KI13SOL,EF1R8018KI13SOLF.avif
1_6,EF1R8018KI13SOL,EF1R8018KI13SOLG.avif
1_7,EF1R8018KI13SOL,EF1R8018KI13SOLR.avif
2_1,EF1SK716XC670FA,EF1SK716XC670FAA.avif
2_2,EF1SK716XC670FA,EF1SK716XC670FAB.avif
2_3,EF1SK716XC670FA,EF1SK716XC670FAC.avif
2_4,EF1SK716XC670FA,EF1SK716XC670FAD.avif
2_5,EF1SK716XC670FA,EF1SK716XC670FAE.avif
2_6,EF1SK716XC670FA,EF1SK716XC670FAF.avif
2_7,EF1SK716XC670FA,EF1SK716XC670FAG.avif
2_8,EF1SK716XC670FA,EF1SK716XC670FAR.avif
3_1,EF1UE100VH64EAB,EF1UE100VH64EABA.avif
3_2,EF1UE100VH64EAB,EF1UE100VH64EABB.avif
3_3,EF1UE100VH64EAB,EF1UE100VH64EABC.avif
3_4,EF1UE100VH64EAB,EF1UE100VH64EABD.avif
3_5,EF1UE100VH64EAB,EF1UE100VH64EABE.avif
3_6,EF1UE100VH64EAB,EF1UE100VH64EABF.avif
3_7,EF1UE100VH64EAB,EF1UE100VH64EABG.avif
3_8,EF1UE100VH64EAB,EF1UE100VH64EABH.avif
3_9,EF1UE100VH64EAB,EF1UE100VH64EABR.avif
4_1,BF1EF005BB02OLA,BF1EF005BB02OLAA.avif
4_2,BF1EF005BB02OLA,BF1EF005BB02OLAB.avif
4_3,BF1EF005BB02OLA,BF1EF005BB02OLAC.avif
4_4,BF1EF005BB02OLA,BF1EF005BB02OLAD.avif
4_5,BF1EF005BB02OLA,BF1EF005BB02OLAE.avif
4_6,BF1EF005BB02OLA,BF1EF005BB02OLAF.avif
4_7,BF1EF005BB02OLA,BF1EF005BB02OLAR.avif
5_1,BF1EF005BB02GAB,BF1EF005BB02GABA.avif
5_2,BF1EF005BB02GAB,BF1EF005BB02GABB.avif
5_3,BF1EF005BB02GAB,BF1EF005BB02GABC.avif
5_4,BF1EF005BB02GAB,BF1EF005BB02GABD.avif
5_5,BF1EF005BB02GAB,BF1EF005BB02GABE.avif
5_6,BF1EF005BB02GAB,BF1EF005BB02GABF.avif
5_7,BF1EF005BB02GAB,BF1EF005BB02GABR.avif
6_1,BF1EF005BB02EAB,BF1EF005BB02EABA.avif
6_2,BF1EF005BB02EAB,BF1EF005BB02EABB.avif
6_3,BF1EF005BB02EAB,BF1EF005BB02EABC.avif
6_4,BF1EF005BB02EAB,BF1EF005BB02EABD.avif
6_5,BF1EF005BB02EAB,BF1EF005BB02EABE.avif
6_6,BF1EF005BB02EAB,BF1EF005BB02EABF.avif
6_7,BF1EF005BB02EAB,BF1EF005BB02EABR.avif
7_1,BF1EF005BB02OIR,BF1EF005BB02OIRA.avif
7_2,BF1EF005BB02OIR,BF1EF005BB02OIRB.avif
7_3,BF1EF005BB02OIR,BF1EF005BB02OIRC.avif
7_4,BF1EF005BB02OIR,BF1EF005BB02OIRD.avif
7_5,BF1EF005BB02OIR,BF1EF005BB02OIRE.avif
7_6,BF1EF005BB02OIR,BF1EF005BB02OIRF.avif
7_7,BF1EF005BB02OIR,BF1EF005BB02OIRR.avif
8_1,BF1EF005BB02MCZ,BF1EF005BB02MCZA.avif
8_2,BF1EF005BB02MCZ,BF1EF005BB02MCZB.avif
8_3,BF1EF005BB02MCZ,BF1EF005BB02MCZC.avif
8_4,BF1EF005BB02MCZ,BF1EF005BB02MCZD.avif
8_5,BF1EF005BB02MCZ,BF1EF005BB02MCZE.avif
8_6,BF1EF005BB02MCZ,BF1EF005BB02MCZF.avif
8_7,BF1EF005BB02MCZ,BF1EF005BB02MCZR.avif
9_1,EF1KA115KH87EAB,EF1KA115KH87EABA.avif
9_2,EF1KA115KH87EAB,EF1KA115KH87EABB.avif
9_3,EF1KA115KH87EAB,EF1KA115KH87EABC.avif
9_4,EF1KA115KH87EAB,EF1KA115KH87EABD.avif
9_5,EF1KA115KH87EAB,EF1KA115KH87EABE.avif
9_6,EF1KA115KH87EAB,EF1KA115KH87EABF.avif
9_7,EF1KA115KH87EAB,EF1KA115KH87EABR.avif
10_1,EF1KA115KH87MIG,EF1KA115KH87MIGA.avif
10_2,EF1KA115KH87MIG,EF1KA115KH87MIGB.avif
10_3,EF1KA115KH87MIG,EF1KA115KH87MIGC.avif
10_4,EF1KA115KH87MIG,EF1KA115KH87MIGD.avif
10_5,EF1KA115KH87MIG,EF1KA115KH87MIGE.avif
10_6,EF1KA115KH87MIG,EF1KA115KH87MIGF.avif
10_7,EF1KA115KH87MIG,EF1KA115KH87MIGR.avif
11_1,EF1HT020VH61GAB,EF1HT020VH61GABA.avif
11_2,EF1HT020VH61GAB,EF1HT020VH61GABB.avif
11_3,EF1HT020VH61GAB,EF1HT020VH61GABC.avif
11_4,EF1HT020VH61GAB,EF1HT020VH61GABD.avif
11_5,EF1HT020VH61GAB,EF1HT020VH61GABE.avif
11_6,EF1HT020VH61GAB,EF1HT020VH61GABF.avif
11_7,EF1HT020VH61GAB,EF1HT020VH61GABR.avif
12_1,EF1JQ002BB02SOY,EF1JQ002BB02SOYA.avif
12_2,EF1JQ002BB02SOY,EF1JQ002BB02SOYB.avif
12_3,EF1JQ002BB02SOY,EF1JQ002BB02SOYC.avif
12_4,EF1JQ002BB02SOY,EF1JQ002BB02SOYD.avif
12_5,EF1JQ002BB02SOY,EF1JQ002BB02SOYE.avif
12_6,EF1JQ002BB02SOY,EF1JQ002BB02SOYF.avif
12_7,EF1JQ002BB02SOY,EF1JQ002BB02SOYR.avif
13_1,EF1KL133KH93IAC,EF1KL133KH93IACA.avif
13_2,EF1KL133KH93IAC,EF1KL133KH93IACB.avif
13_3,EF1KL133KH93IAC,EF1KL133KH93IACC.avif
13_4,EF1KL133KH93IAC,EF1KL133KH93IACD.avif
13_5,EF1KL133KH93IAC,EF1KL133KH93IACE.avif
13_6,EF1KL133KH93IAC,EF1KL133KH93IACF.avif
13_7,EF1KL133KH93IAC,EF1KL133KH93IACR.avif
14_1,EF1LC245JJ95EDY,EF1LC245JJ95EDYA.avif
14_2,EF1LC245JJ95EDY,EF1LC245JJ95EDYB.avif
14_3,EF1LC245JJ95EDY,EF1LC245JJ95EDYC.avif
14_4,EF1LC245JJ95EDY,EF1LC245JJ95EDYD.avif
14_5,EF1LC245JJ95EDY,EF1LC245JJ95EDYE.avif
14_6,EF1LC245JJ95EDY,EF1LC245JJ95EDYF.avif
14_7,EF1LC245JJ95EDY,EF1LC245JJ95EDYR.avif
15_1,EF1PO160WC090PA,EF1PO160WC090PAA.avif
15_2,EF1PO160WC090PA,EF1PO160WC090PAB.avif
15_3,EF1PO160WC090PA,EF1PO160WC090PAC.avif
15_4,EF1PO160WC090PA,EF1PO160WC090PAD.avif
15_5,EF1PO160WC090PA,EF1PO160WC090PAE.avif
15_6,EF1PO160WC090PA,EF1PO160WC090PAF.avif
15_7,EF1PO160WC090PA,EF1PO160WC090PAR.avif
16_1,CF1MA012DB690FA,CF1MA012DB690FAA.avif
16_2,CF1MA012DB690FA,CF1MA012DB690FAB.avif
16_3,CF1MA012DB690FA,CF1MA012DB690FAC.avif
16_4,CF1MA012DB690FA,CF1MA012DB690FAD.avif
16_5,CF1MA012DB690FA,CF1MA012DB690FAE.avif
16_6,CF1MA012DB690FA,CF1MA012DB690FAF.avif
16_7,CF1MA012DB690FA,CF1MA012DB690FAR.avif
17_1,EF1KL220KH806FF,EF1KL220KH806FFA.avif
17_2,EF1KL220KH806FF,EF1KL220KH806FFB.avif
17_3,EF1KL220KH806FF,EF1KL220KH806FFC.avif
17_4,EF1KL220KH806FF,EF1KL220KH806FFD.avif
17_5,EF1KL220KH806FF,EF1KL220KH806FFE.avif
17_6,EF1KL220KH806FF,EF1KL220KH806FFF.avif
17_7,EF1KL220KH806FF,EF1KL220KH806FFR.avif
18_1,BKB852200104,BKB852200104A.avif
18_2,BKB852200104,BKB852200104B.avif
18_3,BKB852200104,BKB852200104C.avif
18_4,BKB852200104,BKB852200104D.avif
18_5,BKB852200104,BKB852200104E.avif
18_6,BKB852200104,BKB852200104F.avif
18_7,BKB852200104,BKB852200104R.avif
19_1,EN1DB943LHLB0PA,EN1DB943LHLB0PAA.avif
19_2,EN1DB943LHLB0PA,EN1DB943LHLB0PAB.avif
19_3,EN1DB943LHLB0PA,EN1DB943LHLB0PAC.avif
19_4,EN1DB943LHLB0PA,EN1DB943LHLB0PAD.avif
19_5,EN1DB943LHLB0PA,EN1DB943LHLB0PAE.avif
19_6,EN1DB943LHLB0PA,EN1DB943LHLB0PAF.avif
19_7,EN1DB943LHLB0PA,EN1DB943LHLB0PAI.avif
19_8,EN1DB943LHLB0PA,EN1DB943LHLB0PAR.avif
20_1,EN1DB530LHLB0PA,EN1DB530LHLB0PAA.avif
20_2,EN1DB530LHLB0PA,EN1DB530LHLB0PAB.avif
20_3,EN1DB530LHLB0PA,EN1DB530LHLB0PAC.avif
20_4,EN1DB530LHLB0PA,EN1DB530LHLB0PAD.avif
20_5,EN1DB530LHLB0PA,EN1DB530LHLB0PAE.avif
20_6,EN1DB530LHLB0PA,EN1DB530LHLB0PAF.avif
20_7,EN1DB530LHLB0PA,EN1DB530LHLB0PAG.avif
20_8,EN1DB530LHLB0PA,EN1DB530LHLB0PAI.avif
20_9,EN1DB530LHLB0PA,EN1DB530LHLB0PAR.avif
21_1,EN1BQ954LETF0PA,EN1BQ954LETF0PAA.avif
21_2,EN1BQ954LETF0PA,EN1BQ954LETF0PAB.avif
21_3,EN1BQ954LETF0PA,EN1BQ954LETF0PAC.avif
21_4,EN1BQ954LETF0PA,EN1BQ954LETF0PAD.avif
21_5,EN1BQ954LETF0PA,EN1BQ954LETF0PAE.avif
21_6,EN1BQ954LETF0PA,EN1BQ954LETF0PAF.avif
21_7,EN1BQ954LETF0PA,EN1BQ954LETF0PAG.avif
21_8,EN1BQ954LETF0PA,EN1BQ954LETF0PAI.avif
21_9,EN1BQ954LETF0PA,EN1BQ954LETF0PAR.avif
22_1,EN1BQ954TTSD6FF,EN1BQ954TTSD6FFA.avif
22_2,EN1BQ954TTSD6FF,EN1BQ954TTSD6FFB.avif
22_3,EN1BQ954TTSD6FF,EN1BQ954TTSD6FFC.avif
22_4,EN1BQ954TTSD6FF,EN1BQ954TTSD6FFD.avif
22_5,EN1BQ954TTSD6FF,EN1BQ954TTSD6FFE.avif
22_6,EN1BQ954TTSD6FF,EN1BQ954TTSD6FFF.avif
22_7,EN1BQ954TTSD6FF,EN1BQ954TTSD6FFG.avif
22_8,EN1BQ954TTSD6FF,EN1BQ954TTSD6FFI.avif
22_9,EN1BQ954TTSD6FF,EN1BQ954TTSD6FFR.avif
23_1,DN0FD871LETF0DA,DN0FD871LETF0DAA.avif
23_2,DN0FD871LETF0DA,DN0FD871LETF0DAB.avif
23_3,DN0FD871LETF0DA,DN0FD871LETF0DAC.avif
23_4,DN0FD871LETF0DA,DN0FD871LETF0DAD.avif
23_5,DN0FD871LETF0DA,DN0FD871LETF0DAE.avif
23_6,DN0FD871LETF0DA,DN0FD871LETF0DAF.avif
23_7,DN0FD871LETF0DA,DN0FD871LETF0DAG.avif
23_8,DN0FD871LETF0DA,DN0FD871LETF0DAI.avif
23_9,DN0FD871LETF0DA,DN0FD871LETF0DAR.avif
24_1,EN1DA961TECSGAU,EN1DA961TECSGAUA.avif
24_2,EN1DA961TECSGAU,EN1DA961TECSGAUB.avif
24_3,EN1DA961TECSGAU,EN1DA961TECSGAUD.avif
24_4,EN1DA961TECSGAU,EN1DA961TECSGAUE.avif
24_5,EN1DA961TECSGAU,EN1DA961TECSGAUF.avif
24_6,EN1DA961TECSGAU,EN1DA961TECSGAUG.avif
24_7,EN1DA961TECSGAU,EN1DA961TECSGAUI.avif
24_8,EN1DA961TECSGAU,EN1DA961TECSGAUR.avif
25_1,EN1LN245LVGU0PA,EN1LN245LVGU0PAA.avif
25_2,EN1LN245LVGU0PA,EN1LN245LVGU0PAB.avif
25_3,EN1LN245LVGU0PA,EN1LN245LVGU0PAC.avif
25_4,EN1LN245LVGU0PA,EN1LN245LVGU0PAD.avif
25_5,EN1LN245LVGU0PA,EN1LN245LVGU0PAE.avif
25_6,EN1LN245LVGU0PA,EN1LN245LVGU0PAF.avif
25_7,EN1LN245LVGU0PA,EN1LN245LVGU0PAG.avif
25_8,EN1LN245LVGU0PA,EN1LN245LVGU0PAI.avif
25_9,EN1LN245LVGU0PA,EN1LN245LVGU0PAR.avif
26_1,DN1FM872TCFEGEM,DN1FM872TCFEGEMA.avif
26_2,DN1FM872TCFEGEM,DN1FM872TCFEGEMB.avif
26_3,DN1FM872TCFEGEM,DN1FM872TCFEGEMD.avif
26_4,DN1FM872TCFEGEM,DN1FM872TCFEGEME.avif
26_5,DN1FM872TCFEGEM,DN1FM872TCFEGEMF.avif
26_6,DN1FM872TCFEGEM,DN1FM872TCFEGEMG.avif
26_7,DN1FM872TCFEGEM,DN1FM872TCFEGEMI.avif
26_8,DN1FM872TCFEGEM,DN1FM872TCFEGEMR.avif
27_1,EN1VI736KRCTEAB,EN1VI736KRCTEABA.avif
27_2,EN1VI736KRCTEAB,EN1VI736KRCTEABB.avif
27_3,EN1VI736KRCTEAB,EN1VI736KRCTEABC.avif
27_4,EN1VI736KRCTEAB,EN1VI736KRCTEABD.avif
27_5,EN1VI736KRCTEAB,EN1VI736KRCTEABE.avif
27_6,EN1VI736KRCTEAB,EN1VI736KRCTEABF.avif
27_7,EN1VI736KRCTEAB,EN1VI736KRCTEABG.avif
27_8,EN1VI736KRCTEAB,EN1VI736KRCTEABH.avif
27_9,EN1VI736KRCTEAB,EN1VI736KRCTEABJ.avif
27_10,EN1VI736KRCTEAB,EN1VI736KRCTEABR.avif
28_1,EM1VI360TRIDSEE,EM1VI360TRIDSEEA.avif
28_2,EM1VI360TRIDSEE,EM1VI360TRIDSEEC.avif
28_3,EM1VI360TRIDSEE,EM1VI360TRIDSEED.avif
28_4,EM1VI360TRIDSEE,EM1VI360TRIDSEEF.avif
28_5,EM1VI360TRIDSEE,EM1VI360TRIDSEEG.avif
28_6,EM1VI360TRIDSEE,EM1VI360TRIDSEEH.avif
28_7,EM1VI360TRIDSEE,EM1VI360TRIDSEEJ.avif
28_8,EM1VI360TRIDSEE,EM1VI360TRIDSEER.avif
29_1,EN1VI735TRIDSEE,EN1VI735TRIDSEEA.avif
29_2,EN1VI735TRIDSEE,EN1VI735TRIDSEEB.avif
29_3,EN1VI735TRIDSEE,EN1VI735TRIDSEEC.avif
29_4,EN1VI735TRIDSEE,EN1VI735TRIDSEED.avif
29_5,EN1VI735TRIDSEE,EN1VI735TRIDSEEF.avif
29_6,EN1VI735TRIDSEE,EN1VI735TRIDSEEG.avif
29_7,EN1VI735TRIDSEE,EN1VI735TRIDSEEH.avif
29_8,EN1VI735TRIDSEE,EN1VI735TRIDSEEJ.avif
29_9,EN1VI735TRIDSEE,EN1VI735TRIDSEER.avif
30_1,CN0VI727TDNM6KF,CN0VI727TDNM6KFA.avif
30_2,CN0VI727TDNM6KF,CN0VI727TDNM6KFB.avif
30_3,CN0VI727TDNM6KF,CN0VI727TDNM6KFC.avif
30_4,CN0VI727TDNM6KF,CN0VI727TDNM6KFD.avif
30_5,CN0VI727TDNM6KF,CN0VI727TDNM6KFF.avif
30_6,CN0VI727TDNM6KF,CN0VI727TDNM6KFG.avif
30_7,CN0VI727TDNM6KF,CN0VI727TDNM6KFI.avif
30_8,CN0VI727TDNM6KF,CN0VI727TDNM6KFJ.avif
30_9,CN0VI727TDNM6KF,CN0VI727TDNM6KFK.avif
30_10,CN0VI727TDNM6KF,CN0VI727TDNM6KFM.avif
30_11,CN0VI727TDNM6KF,CN0VI727TDNM6KFR.avif
31_1,DN1VI714TRCMEAB,DN1VI714TRCMEABA.avif
31_2,DN1VI714TRCMEAB,DN1VI714TRCMEABB.avif
31_3,DN1VI714TRCMEAB,DN1VI714TRCMEABC.avif
31_4,DN1VI714TRCMEAB,DN1VI714TRCMEABD.avif
31_5,DN1VI714TRCMEAB,DN1VI714TRCMEABE.avif
31_6,DN1VI714TRCMEAB,DN1VI714TRCMEABF.avif
31_7,DN1VI714TRCMEAB,DN1VI714TRCMEABG.avif
31_8,DN1VI714TRCMEAB,DN1VI714TRCMEABH.avif
31_9,DN1VI714TRCMEAB,DN1VI714TRCMEABJ.avif
31_10,DN1VI714TRCMEAB,DN1VI714TRCMEABR.avif
32_1,CN0VI730LLNP0CV,CN0VI730LLNP0CVA.avif
32_2,CN0VI730LLNP0CV,CN0VI730LLNP0CVB.avif
32_3,CN0VI730LLNP0CV,CN0VI730LLNP0CVC.avif
32_4,CN0VI730LLNP0CV,CN0VI730LLNP0CVD.avif
32_5,CN0VI730LLNP0CV,CN0VI730LLNP0CVF.avif
32_6,CN0VI730LLNP0CV,CN0VI730LLNP0CVG.avif
32_7,CN0VI730LLNP0CV,CN0VI730LLNP0CVH.avif
32_8,CN0VI730LLNP0CV,CN0VI730LLNP0CVI.avif
32_9,CN0VI730LLNP0CV,CN0VI730LLNP0CVJ.avif
32_10,CN0VI730LLNP0CV,CN0VI730LLNP0CVR.avif
33_1,EN1VI733TRGYGRU,EN1VI733TRGYGRUA.avif
33_2,EN1VI733TRGYGRU,EN1VI733TRGYGRUB.avif
33_3,EN1VI733TRGYGRU,EN1VI733TRGYGRUC.avif
33_4,EN1VI733TRGYGRU,EN1VI733TRGYGRUD.avif
33_5,EN1VI733TRGYGRU,EN1VI733TRGYGRUF.avif
33_6,EN1VI733TRGYGRU,EN1VI733TRGYGRUG.avif
33_7,EN1VI733TRGYGRU,EN1VI733TRGYGRUH.avif
33_8,EN1VI733TRGYGRU,EN1VI733TRGYGRUI.avif
33_9,EN1VI733TRGYGRU,EN1VI733TRGYGRUR.avif
34_1,EN1UH078LVHSEAW,EN1UH078LVHSEAWA.avif
34_2,EN1UH078LVHSEAW,EN1UH078LVHSEAWB.avif
34_3,EN1UH078LVHSEAW,EN1UH078LVHSEAWC.avif
34_4,EN1UH078LVHSEAW,EN1UH078LVHSEAWF.avif
34_5,EN1UH078LVHSEAW,EN1UH078LVHSEAWG.avif
34_6,EN1UH078LVHSEAW,EN1UH078LVHSEAWH.avif
34_7,EN1UH078LVHSEAW,EN1UH078LVHSEAWI.avif
34_8,EN1UH078LVHSEAW,EN1UH078LVHSEAWR.avif
35_1,EN1TE108LTBC0PA,EN1TE108LTBC0PAA.avif
35_2,EN1TE108LTBC0PA,EN1TE108LTBC0PAB.avif
35_3,EN1TE108LTBC0PA,EN1TE108LTBC0PAC.avif
35_4,EN1TE108LTBC0PA,EN1TE108LTBC0PAF.avif
35_5,EN1TE108LTBC0PA,EN1TE108LTBC0PAG.avif
35_6,EN1TE108LTBC0PA,EN1TE108LTBC0PAH.avif
35_7,EN1TE108LTBC0PA,EN1TE108LTBC0PAI.avif
35_8,EN1TE108LTBC0PA,EN1TE108LTBC0PAJ.avif
35_9,EN1TE108LTBC0PA,EN1TE108LTBC0PAR.avif
36_1,EN1UG866TJMAGFE,EN1UG866TJMAGFEA.avif
36_2,EN1UG866TJMAGFE,EN1UG866TJMAGFEB.avif
36_3,EN1UG866TJMAGFE,EN1UG866TJMAGFEC.avif
36_4,EN1UG866TJMAGFE,EN1UG866TJMAGFED.avif
36_5,EN1UG866TJMAGFE,EN1UG866TJMAGFEE.avif
36_6,EN1UG866TJMAGFE,EN1UG866TJMAGFEF.avif
36_7,EN1UG866TJMAGFE,EN1UG866TJMAGFEH.avif
36_8,EN1UG866TJMAGFE,EN1TE108LTBC0PAR.avif
37_1,CBPS156156A,CBPS156156AA.avif
37_2,CBPS156156A,CBPS156156AF.avif
37_3,CBPS156156A,CBPS156156AR.avif
38_1,EN1ON197LCLLGA,EN1ON197LCLLGAA.avif
38_2,EN1ON197LCLLGA,EN1ON197LCLLGAB.avif
38_3,EN1ON197LCLLGA,EN1ON197LCLLGAD.avif
38_4,EN1ON197LCLLGA,EN1ON197LCLLGAE.avif
38_5,EN1ON197LCLLGA,EN1ON197LCLLGAF.avif
38_6,EN1ON197LCLLGA,EN1ON197LCLLGAG.avif
38_7,EN1ON197LCLLGA,EN1ON197LCLLGAI.avif
38_8,EN1ON197LCLLGA,EN1ON197LCLLGAR.avif
39_1,EN1WJ000LVTL0PA,EN1WJ000LVTL0PAA.avif
39_2,EN1WJ000LVTL0PA,EN1WJ000LVTL0PAB.avif
39_3,EN1WJ000LVTL0PA,EN1WJ000LVTL0PAF.avif
39_4,EN1WJ000LVTL0PA,EN1WJ000LVTL0PAR.avif
40_1,EN4XM426MBPTX99,EN4XM426MBPTX99B.avif
40_2,EN4XM426MBPTX99,EN4XM426MBPTX99F.avif
41_1,EF1XF090SE90GAB,EF1XF090SE90GABB.avif
41_2,EF1XF090SE90GAB,EF1XF090SE90GABF.avif
41_3,EF1XF090SE90GAB,EF1XF090SE90GABG.avif
41_4,EF1XF090SE90GAB,EF1XF090SE90GABI.avif
42_1,CF1XA070MB38GEM,CF1XA070MB38GEMA.avif
42_2,CF1XA070MB38GEM,CF1XA070MB38GEMB.avif
42_3,CF1XA070MB38GEM,CF1XA070MB38GEMF.avif
42_4,CF1XA070MB38GEM,CF1XA070MB38GEMG.avif
42_5,CF1XA070MB38GEM,CF1XA070MB38GEMR.avif
43_1,CN1LN220LNQD0PA,CN1LN220LNQD0PAA.avif
43_2,CN1LN220LNQD0PA,CN1LN220LNQD0PAB.avif
43_3,CN1LN220LNQD0PA,CN1LN220LNQD0PAD.avif
43_4,CN1LN220LNQD0PA,CN1LN220LNQD0PAE.avif
43_5,CN1LN220LNQD0PA,CN1LN220LNQD0PAF.avif
43_6,CN1LN220LNQD0PA,CN1LN220LNQD0PAG.avif
43_7,CN1LN220LNQD0PA,CN1LN220LNQD0PAI.avif
43_8,CN1LN220LNQD0PA,CN1LN220LNQD0PAR.avif
44_1,EH1AM055VB000FA,EH1AM055VB000FAA.avif
44_2,EH1AM055VB000FA,EH1AM055VB000FAB.avif
44_3,EH1AM055VB000FA,EH1AM055VB000FAC.avif
44_4,EH1AM055VB000FA,EH1AM055VB000FAD.avif
44_5,EH1AM055VB000FA,EH1AM055VB000FAE.avif
44_6,EH1AM055VB000FA,EH1AM055VB000FAF.avif
44_7,EH1AM055VB000FA,EH1AM055VB000FAG.avif
44_8,EH1AM055VB000FA,EH1AM055VB000FAR.avif
45_1,EH1HS40521VGEAB,EH1HS40521VGEABA.avif
45_2,EH1HS40521VGEAB,EH1HS40521VGEABB.avif
45_3,EH1HS40521VGEAB,EH1HS40521VGEABC.avif
45_4,EH1HS40521VGEAB,EH1HS40521VGEABD.avif
45_5,EH1HS40521VGEAB,EH1HS40521VGEABE.avif
45_6,EH1HS40521VGEAB,EH1HS40521VGEABF.avif
45_7,EH1HS40521VGEAB,EH1HS40521VGEABG.avif
45_8,EH1HS40521VGEAB,EH1HS40521VGEABR.avif
46_1,EH1GC027BC920PA,EH1GC027BC920PAA.avif
46_2,EH1GC027BC920PA,EH1GC027BC920PAB.avif
46_3,EH1GC027BC920PA,EH1GC027BC920PAC.avif
46_4,EH1GC027BC920PA,EH1GC027BC920PAD.avif
46_5,EH1GC027BC920PA,EH1GC027BC920PAE.avif
46_6,EH1GC027BC920PA,EH1GC027BC920PAF.avif
46_7,EH1GC027BC920PA,EH1GC027BC920PAR.avif
47_1,EH1EH175PC70GAB,EH1EH175PC70GABA.avif
47_2,EH1EH175PC70GAB,EH1EH175PC70GABB.avif
47_3,EH1EH175PC70GAB,EH1EH175PC70GABC.avif
47_4,EH1EH175PC70GAB,EH1EH175PC70GABD.avif
47_5,EH1EH175PC70GAB,EH1EH175PC70GABE.avif
47_6,EH1EH175PC70GAB,EH1EH175PC70GABF.avif
47_7,EH1EH175PC70GAB,EH1EH175PC70GABR.avif
48_1,EH1EG010BC90GFE,EH1EG010BC90GFEA.avif
48_2,EH1EG010BC90GFE,EH1EG010BC90GFEB.avif
48_3,EH1EG010BC90GFE,EH1EG010BC90GFEC.avif
48_4,EH1EG010BC90GFE,EH1EG010BC90GFED.avif
48_5,EH1EG010BC90GFE,EH1EG010BC90GFEE.avif
48_6,EH1EG010BC90GFE,EH1EG010BC90GFEF.avif
48_7,EH1EG010BC90GFE,EH1EG010BC90GFER.avif
49_1,EH1JT240PC70EAW,EH1JT240PC70EAWA.avif
49_2,EH1JT240PC70EAW,EH1JT240PC70EAWB.avif
49_3,EH1JT240PC70EAW,EH1JT240PC70EAWC.avif
49_4,EH1JT240PC70EAW,EH1JT240PC70EAWD.avif
49_5,EH1JT240PC70EAW,EH1JT240PC70EAWE.avif
49_6,EH1JT240PC70EAW,EH1JT240PC70EAWF.avif
49_7,EH1JT240PC70EAW,EH1JT240PC70EAWG.avif
49_8,EH1JT240PC70EAW,EH1JT240PC70EAWR.avif
50_1,EH1KD013KI04GAB,EH1KD013KI04GABA.avif
50_2,EH1KD013KI04GAB,EH1KD013KI04GABB.avif
50_3,EH1KD013KI04GAB,EH1KD013KI04GABC.avif
50_4,EH1KD013KI04GAB,EH1KD013KI04GABD.avif
50_5,EH1KD013KI04GAB,EH1KD013KI04GABE.vif
50_6,EH1KD013KI04GAB,EH1KD013KI04GABF.avif
50_7,EH1KD013KI04GAB,EH1KD013KI04GABG.avif
50_8,EH1KD013KI04GAB,EH1KD013KI04GABR.avif
51_1,EH1SE28509WCEHV,EH1SE28509WCEHVA.avif
51_2,EH1SE28509WCEHV,EH1SE28509WCEHVB.avif
51_3,EH1SE28509WCEHV,EH1SE28509WCEHVC.avif
51_4,EH1SE28509WCEHV,EH1SE28509WCEHVD.avif
51_5,EH1SE28509WCEHV,EH1SE28509WCEHVE.avif
51_6,EH1SE28509WCEHV,EH1SE28509WCEHVF.avif
51_7,EH1SE28509WCEHV,EH1SE28509WCEHVG.avif
51_8,EH1SE28509WCEHV,EH1SE28509WCEHVH.avif
51_9,EH1SE28509WCEHV,EH1SE28509WCEHVR.avif
52_1,EH1TF955VH56EAB,EH1TF955VH56EABA.avif
52_2,EH1TF955VH56EAB,EH1TF955VH56EABB.avif
52_3,EH1TF955VH56EAB,EH1TF955VH56EABC.avif
52_4,EH1TF955VH56EAB,EH1TF955VH56EABD.avif
52_5,EH1TF955VH56EAB,EH1TF955VH56EABE.avif
52_6,EH1TF955VH56EAB,EH1TF955VH56EABF.avif
52_7,EH1TF955VH56EAB,EH1TF955VH56EABG.avif
52_8,EH1TF955VH56EAB,EH1TF955VH56EABH.avif
52_9,EH1TF955VH56EAB,EH1TF955VH56EABR.avif
53_1,EH1PQ305WC090PA,EH1PQ305WC090PAA.avif
53_2,EH1PQ305WC090PA,EH1PQ305WC090PAB.avif
53_3,EH1PQ305WC090PA,EH1PQ305WC090PAC.avif
53_4,EH1PQ305WC090PA,EH1PQ305WC090PAD.avif
53_5,EH1PQ305WC090PA,EH1PQ305WC090PAE.avif
53_6,EH1PQ305WC090PA,EH1PQ305WC090PAF.avif
53_7,EH1PQ305WC090PA,EH1PQ305WC090PAG.avif
53_8,EH1PQ305WC090PA,EH1PQ305WC090PAR.avif
54_1,DH1PQ260VF43EAB,DH1PQ260VF43EABA.avif
54_2,DH1PQ260VF43EAB,DH1PQ260VF43EABB.avif
54_3,DH1PQ260VF43EAB,DH1PQ260VF43EABC.avif
54_4,DH1PQ260VF43EAB,DH1PQ260VF43EABD.avif
54_5,DH1PQ260VF43EAB,DH1PQ260VF43EABF.avif
54_6,DH1PQ260VF43EAB,DH1PQ260VF43EABR.avif
55_1,EH1SC285MG90ENA,EH1SC285MG90ENAA.avif
55_2,EH1SC285MG90ENA,EH1SC285MG90ENAB.avif
55_3,EH1SC285MG90ENA,EH1SC285MG90ENAC.avif
55_4,EH1SC285MG90ENA,EH1SC285MG90ENAD.avif
55_5,EH1SC285MG90ENA,EH1SC285MG90ENAE.avif
55_6,EH1SC285MG90ENA,EH1SC285MG90ENAF.avif
55_7,EH1SC285MG90ENA,EH1SC285MG90ENAG.avif
55_8,EH1SC285MG90ENA,EH1SC285MG90ENAR.avif
56_1,DH0JS118BC81EAH,DH0JS118BC81EAHA.avif
56_2,DH0JS118BC81EAH,DH0JS118BC81EAHB.avif
56_3,DH0JS118BC81EAH,DH0JS118BC81EAHC.avif
56_4,DH0JS118BC81EAH,DH0JS118BC81EAHD.avif
56_5,DH0JS118BC81EAH,DH0JS118BC81EAHE.avif
56_6,DH0JS118BC81EAH,DH0JS118BC81EAHF.avif
56_7,DH0JS118BC81EAH,DH0JS118BC81EAHR.avif
57_1,BWB641590012,BWB641590012A.avif
57_2,BWB641590012,BWB641590012B.avif
57_3,BWB641590012,BWB641590012C.avif
57_4,BWB641590012,BWB641590012D.avif
57_5,BWB641590012,BWB641590012F.avif
57_6,BWB641590012,BWB641590012R.avif
58_1,EM1VI362KRCTEAB,EM1VI362KRCTEABA.avif
58_2,EM1VI362KRCTEAB,EM1VI362KRCTEABB.avif
58_3,EM1VI362KRCTEAB,EM1VI362KRCTEABC.avif
58_4,EM1VI362KRCTEAB,EM1VI362KRCTEABD.avif
58_5,EM1VI362KRCTEAB,EM1VI362KRCTEABF.avif
58_6,EM1VI362KRCTEAB,EM1VI362KRCTEABG.avif
58_7,EM1VI362KRCTEAB,EM1VI362KRCTEABH.avif
58_8,EM1VI362KRCTEAB,EM1VI362KRCTEABI.avif
58_9,EM1VI362KRCTEAB,EM1VI362KRCTEABR.avif
59_1,DM1VI288LTSGEAB,DM1VI288LTSGEABA.avif
59_2,DM1VI288LTSGEAB,DM1VI288LTSGEABB.avif
59_3,DM1VI288LTSGEAB,DM1VI288LTSGEABC.avif
59_4,DM1VI288LTSGEAB,DM1VI288LTSGEABD.avif
59_5,DM1VI288LTSGEAB,DM1VI288LTSGEABF.avif
59_6,DM1VI288LTSGEAB,DM1VI288LTSGEABG.avif
59_7,DM1VI288LTSGEAB,DM1VI288LTSGEABH.avif
59_8,DM1VI288LTSGEAB,DM1VI288LTSGEABI.avif
59_9,DM1VI288LTSGEAB,DM1VI288LTSGEABJ.avif
59_10,DM1VI288LTSGEAB,DM1VI288LTSGEABR.avif
60_1,DM1VI350TNVFEFF,DM1VI350TNVFEFFA.avif
60_2,DM1VI350TNVFEFF,DM1VI350TNVFEFFC.avif
60_3,DM1VI350TNVFEFF,DM1VI350TNVFEFFD.avif
60_4,DM1VI350TNVFEFF,DM1VI350TNVFEFFF.avif
60_5,DM1VI350TNVFEFF,DM1VI350TNVFEFFG.avif
60_6,DM1VI350TNVFEFF,DM1VI350TNVFEFFH.avif
60_7,DM1VI350TNVFEFF,DM1VI350TNVFEFFJ.avif
60_8,DM1VI350TNVFEFF,DM1VI350TNVFEFFK.avif
60_9,DM1VI350TNVFEFF,DM1VI350TNVFEFFL.avif
60_10,DM1VI350TNVFEFF,DM1VI350TNVFEFFR.avif
61_1,DM1VI355LNVYEFF,DM1VI355LNVYEFFA.avif
61_2,DM1VI355LNVYEFF,DM1VI355LNVYEFFB.avif
61_3,DM1VI355LNVYEFF,DM1VI355LNVYEFFC.avif
61_4,DM1VI355LNVYEFF,DM1VI355LNVYEFFD.avif
61_5,DM1VI355LNVYEFF,DM1VI355LNVYEFFF.avif
61_6,DM1VI355LNVYEFF,DM1VI355LNVYEFFG.avif
61_7,DM1VI355LNVYEFF,DM1VI355LNVYEFFH.avif
61_8,DM1VI355LNVYEFF,DM1VI355LNVYEFFI.avif
61_9,DM1VI355LNVYEFF,DM1VI355LNVYEFFR.avif
62_1,EM1VI357TMGOYAD,EM1VI357TMGOYADA.avif
62_2,EM1VI357TMGOYAD,EM1VI357TMGOYADB.avif
62_3,EM1VI357TMGOYAD,EM1VI357TMGOYADC.avif
62_4,EM1VI357TMGOYAD,EM1VI357TMGOYADD.avif
62_5,EM1VI357TMGOYAD,EM1VI357TMGOYADF.avif
62_6,EM1VI357TMGOYAD,EM1VI357TMGOYADG.avif
62_7,EM1VI357TMGOYAD,EM1VI357TMGOYADH.avif
62_8,EM1VI357TMGOYAD,EM1VI357TMGOYADI.avif
62_9,EM1VI357TMGOYAD,EM1VI357TMGOYADR.avif
63_1,DM0TE346LPAT0PA,DM0TE346LPAT0PAA.avif
63_2,DM0TE346LPAT0PA,DM0TE346LPAT0PAB.avif
63_3,DM0TE346LPAT0PA,DM0TE346LPAT0PAC.avif
63_4,DM0TE346LPAT0PA,DM0TE346LPAT0PAF.avif
63_5,DM0TE346LPAT0PA,DM0TE346LPAT0PAG.avif
63_6,DM0TE346LPAT0PA,DM0TE346LPAT0PAH.avif
63_7,DM0TE346LPAT0PA,DM0TE346LPAT0PAI.avif
63_8,DM0TE346LPAT0PA,DM0TE346LPAT0PR.avif
64_1,BM1UO330LIRS0PA,BM1UO330LIRS0PAA.avif
64_2,BM1UO330LIRS0PA,BM1UO330LIRS0PAB.avif
64_3,BM1UO330LIRS0PA,BM1UO330LIRS0PAC.avif
64_4,BM1UO330LIRS0PA,BM1UO330LIRS0PAD.avif
64_5,BM1UO330LIRS0PA,BM1UO330LIRS0PAE.avif
64_6,BM1UO330LIRS0PA,BM1UO330LIRS0PAF.avif
64_7,BM1UO330LIRS0PA,BM1UO330LIRS0PAG.avif
64_8,BM1UO330LIRS0PA,BM1UO330LIRS0PAH.avif
64_9,BM1UO330LIRS0PA,BM1UO330LIRS0PAR.avif
65_1,CM1UG320TJMAGFE,CM1UG320TJMAGFEA.avif
65_2,CM1UG320TJMAGFE,CM1UG320TJMAGFEC.avif
65_3,CM1UG320TJMAGFE,CM1UG320TJMAGFEE.avif
65_4,CM1UG320TJMAGFE,CM1UG320TJMAGFEF.avif
65_5,CM1UG320TJMAGFE,CM1UG320TJMAGFEG.avif
65_6,CM1UG320TJMAGFE,CM1UG320TJMAGFEI.avif
65_7,CM1UG320TJMAGFE,CM1UG320TJMAGFER.avif
66_1,EM1FF239TNDTEAF,EM1FF239TNDTEAFA.avif
66_2,EM1FF239TNDTEAF,EM1FF239TNDTEAFB.avif
66_3,EM1FF239TNDTEAF,EM1FF239TNDTEAFC.avif
66_4,EM1FF239TNDTEAF,EM1FF239TNDTEAFD.avif
66_5,EM1FF239TNDTEAF,EM1FF239TNDTEAFE.avif
66_6,EM1FF239TNDTEAF,EM1FF239TNDTEAFF.avif
66_7,EM1FF239TNDTEAF,EM1FF239TNDTEAFG.avif
66_8,EM1FF239TNDTEAF,EM1FF239TNDTEAFI.avif
66_9,EM1FF239TNDTEAF,EM1FF239TNDTEAFR.avif
67_1,CM1SH055TGBO0PA,CM1SH055TGBO0PAA.avif
67_2,CM1SH055TGBO0PA,CM1SH055TGBO0PAB.avif
67_3,CM1SH055TGBO0PA,CM1SH055TGBO0PAD.avif
67_4,CM1SH055TGBO0PA,CM1SH055TGBO0PAF.avif
67_5,CM1SH055TGBO0PA,CM1SH055TGBO0PAG.avif
67_6,CM1SH055TGBO0PA,CM1SH055TGBO0PAI.avif
67_7,CM1SH055TGBO0PA,CM1SH055TGBO0PAR.avif
68_1,DBPS164164C,DBPS164164CA.avif
68_2,DBPS164164C,DBPS164164CF.avif
69_1,DBPS164164B,DBPS164164BA.avif
69_2,DBPS164164B,DBPS164164BD.avif
69_3,DBPS164164B,DBPS164164BE.avif
69_4,DBPS164164B,DBPS164164BF.avif
70_1,DBPS164164A,DBPS164164AA.avif
70_2,DBPS164164A,DBPS164164AB.avif
71_1,EN1MA195LCLLGAB,EN1MA195LCLLGABF.avif
71_2,EN1MA195LCLLGAB,EN1MA195LCLLGABG.avif
71_3,EN1MA195LCLLGAB,EN1MA195LCLLGABR.avif
72_1,BM0WJ016TMCKWFP,BM0WJ016TMCKWFPA.avif
72_2,BM0WJ016TMCKWFP,BM0WJ016TMCKWFPB.avif
72_3,BM0WJ016TMCKWFP,BM0WJ016TMCKWFPF.avif
72_4,BM0WJ016TMCKWFP,BM0WJ016TMCKWFPR.avif
73_1,DN1XH358MLTOIAB,DN1XH358MLTOIABB.avif
73_2,DN1XH358MLTOIAB,DN1XH358MLTOIABF.avif
73_3,DN1XH358MLTOIAB,DN1XH358MLTOIABI.avif
73_4,DN1XH358MLTOIAB,DN1XH358MLTOIABR.avif
74_1,CN4DB530TCDYO32,CN4DB530TCDYO32A.avif
74_2,CN4DB530TCDYO32,CN4DB530TCDYO32B.avif
74_3,CN4DB530TCDYO32,CN4DB530TCDYO32D.avif
74_4,CN4DB530TCDYO32,CN4DB530TCDYO32E.avif
74_5,CN4DB530TCDYO32,CN4DB530TCDYO32F.avif
74_6,CN4DB530TCDYO32,CN4DB530TCDYO32G.avif
74_7,CN4DB530TCDYO32,CN4DB530TCDYO32I.avif
74_8,CN4DB530TCDYO32,CN4DB530TCDYO32R.avif
75_1,DN1ON225LGSR8AG,DN1ON225LGSR8AGA.avif
75_2,DN1ON225LGSR8AG,DN1ON225LGSR8AGB.avif
75_3,DN1ON225LGSR8AG,DN1ON225LGSR8AGD.avif
75_4,DN1ON225LGSR8AG,DN1ON225LGSR8AGE.avif
75_5,DN1ON225LGSR8AG,DN1ON225LGSR8AGF.avif
75_6,DN1ON225LGSR8AG,DN1ON225LGSR8AGG.avif
75_7,DN1ON225LGSR8AG,DN1ON225LGSR8AGI.avif
75_8,DN1ON225LGSR8AG,DN1ON225LGSR8AGR.avif
76_1,EN1DB960TDTW6FF,EN1DB960TDTW6FFA.avif
76_2,EN1DB960TDTW6FF,EN1DB960TDTW6FFB.avif
76_3,EN1DB960TDTW6FF,EN1DB960TDTW6FFD.avif
76_4,EN1DB960TDTW6FF,EN1DB960TDTW6FFE.avif
76_5,EN1DB960TDTW6FF,EN1DB960TDTW6FFF.avif
76_6,EN1DB960TDTW6FF,EN1DB960TDTW6FFG.avif
76_7,EN1DB960TDTW6FF,EN1DB960TDTW6FFI.avif
76_8,EN1DB960TDTW6FF,EN1DB960TDTW6FFR.avif
77_1,CN1FF869TMBJWEZ,CN1FF869TMBJWEZA.avif
77_2,CN1FF869TMBJWEZ,CN1FF869TMBJWEZB.avif
77_3,CN1FF869TMBJWEZ,CN1FF869TMBJWEZD.avif
77_4,CN1FF869TMBJWEZ,CN1FF869TMBJWEZE.avif
77_5,CN1FF869TMBJWEZ,CN1FF869TMBJWEZF.avif
77_6,CN1FF869TMBJWEZ,CN1FF869TMBJWEZG.avif
77_7,CN1FF869TMBJWEZ,CN1FF869TMBJWEZI.avif
77_8,CN1FF869TMBJWEZ,CN1FF869TMBJWEZR.avif
78_1,DN1FE818TJDCGFE,DN1FE818TJDCGFEA.avif
78_2,DN1FE818TJDCGFE,DN1FE818TJDCGFEB.avif
78_3,DN1FE818TJDCGFE,DN1FE818TJDCGFED.avif
78_4,DN1FE818TJDCGFE,DN1FE818TJDCGFEE.avif
78_5,DN1FE818TJDCGFE,DN1FE818TJDCGFEF.avif
78_6,DN1FE818TJDCGFE,DN1FE818TJDCGFEG.avif
78_7,DN1FE818TJDCGFE,DN1FE818TJDCGFEI.avif
78_8,DN1FE818TJDCGFE,DN1FE818TJDCGFER.avif
79_1,EF1KA120KH91GAU,EF1KA120KH91GAUA.avif
79_2,EF1KA120KH91GAU,EF1KA120KH91GAUB.avif
79_3,EF1KA120KH91GAU,EF1KA120KH91GAUC.avif
79_4,EF1KA120KH91GAU,EF1KA120KH91GAUD.avif
79_5,EF1KA120KH91GAU,EF1KA120KH91GAUE.avif
79_6,EF1KA120KH91GAU,EF1KA120KH91GAUF.avif
79_7,EF1KA120KH91GAU,EF1KA120KH91GAUG.avif
79_8,EF1KA120KH91GAU,EF1KA120KH91GAUR.avif
80_1,EN1DB953AHXSEAW,EN1DB953AHXSEAWA.avif
80_2,EN1DB953AHXSEAW,EN1DB953AHXSEAWB.avif
80_3,EN1DB953AHXSEAW,EN1DB953AHXSEAWD.avif
80_4,EN1DB953AHXSEAW,EN1DB953AHXSEAWE.avif
80_5,EN1DB953AHXSEAW,EN1DB953AHXSEAWF.avif
80_6,EN1DB953AHXSEAW,EN1DB953AHXSEAWG.avif
80_7,EN1DB953AHXSEAW,EN1DB953AHXSEAWI.avif
80_8,EN1DB953AHXSEAW,EN1DB953AHXSEAWR.avif
81_1,CN1EG879TMBJEEO,CN1EG879TMBJEEOA.avif
81_2,CN1EG879TMBJEEO,CN1EG879TMBJEEOD.avif
81_3,CN1EG879TMBJEEO,CN1EG879TMBJEEOE.avif
81_4,CN1EG879TMBJEEO,CN1EG879TMBJEEOF.avif
81_5,CN1EG879TMBJEEO,CN1EG879TMBJEEOG.avif
81_6,CN1EG879TMBJEEO,CN1EG879TMBJEEOR.avif
82_1,EF1R5086KH88GAU,EF1R5086KH88GAUA.avif
82_2,EF1R5086KH88GAU,EF1R5086KH88GAUB.avif
82_3,EF1R5086KH88GAU,EF1R5086KH88GAUC.avif
82_4,EF1R5086KH88GAU,EF1R5086KH88GAUD.avif
82_5,EF1R5086KH88GAU,EF1R5086KH88GAUE.avif
82_6,EF1R5086KH88GAU,EF1R5086KH88GAUF.avif
82_7,EF1R5086KH88GAU,EF1R5086KH88GAUG.avif
82_8,EF1R5086KH88GAU,EF1R5086KH88GAUH.avif
82_9,EF1R5086KH88GAU,EF1R5086KH88GAUR.avif
83_1,DM1GE150TJMYGFE,DM1GE150TJMYGFEA.avif
83_2,DM1GE150TJMYGFE,DM1GE150TJMYGFEB.avif
83_3,DM1GE150TJMYGFE,DM1GE150TJMYGFED.avif
83_4,DM1GE150TJMYGFE,DM1GE150TJMYGFEE.avif
83_5,DM1GE150TJMYGFE,DM1GE150TJMYGFEF.avif
83_6,DM1GE150TJMYGFE,DM1GE150TJMYGFEG.avif
83_7,DM1GE150TJMYGFE,DM1GE150TJMYGFEI.avif
83_8,DM1GE150TJMYGFE,DM1GE150TJMYGFER.avif
